,word,number,original_words
77,prze,526,"przestańcie, przed, przed, przed, przetrwały, przeciętna, przegrało, przewód, przesłuchać, przerwał, przeciwnika, przeciwnika, przeciwnika, przeciwnika, przełomowego, przejść, przetrzymywał, przestępstw, przejeździe, przerwał, przestali, przed, przedsiębiorców, przeprasza, przemoc, przejeżdża, przeprasza, przemoc, przejeżdża, przeprasza, przemoc, przejeżdża, przeprasza, przemoc, przejeżdża, przeprasza, przemoc, przejeżdża, przeprasza, przemoc, przejeżdża, przepraszam, przemoc, przeżyła, przejść, przeciw, przeciwnika, przepisom, przedstawiali, przedmiotem, przejmie, przedłużenie, przeziębienie, przepadły, przerażające, przed, przemieszcza, przekazać, przerażające, przerywa, przewiduje, przewoźnika, przekazał, przeze, przelewy, przekazała, przegra, przeszukanie, przejechał, przerwy, przed, przemysława, przekreśla, przejechał, przedsiębiorców, przeciwlotniczy, przeprosił, przeżyła, przecieram, przerwie, przewagę, przestał, przesilenie, przedstawiła, przemyślał, przegrywa, przekazywanie, przedszkole, przesunął, przebojów, przed, przed, przemówienie, przebiła, przeciwko, przed, przewód, przemówienie, przekaz, przerażający, przeżyłam, przed, przestrzeni, przerzucają, przedłużony, przemówi, przemówienia, przeprosić, przewożący, przeglądu, przewozu, przewrócony, przedstawiono, przed, przewozu, przemówienie, przed, przeciwko, przed, przed, przewrażliwieni, przeciwko, przed, przejazdu, przemyśla, przeżyli, przed, przemówieniu, przemówienie, przeszłość, przemówieniu, przed, przemówienie, przekroczyła, przejście, przeżyła, przeprosin, przegłosował, przed, przed, przemawiają, przed, przeszło, przeze, przetrącony, przed, przed, przemawiają, przed, przeszło, przeze, przetrącony, przed, przed, przemawiają, przed, przeszło, przeze, przetrącony, przełom, przewidują, przestali, przetacza, przede, przestępców, przeciwko, przejęcia, przekonany, przedszkolakami, przetrwał, przejść, przed, przewagę, przed, przedszkolu, przedstawiciele, przejechany, przekroczyła, przed, przeszkadzanie, przed, prześwietlili, przemocy, przed, przejęcia, przegrać, przełomowy, przenosił, przestępstw, przeciwko, przechodzili, przed, przestała, przejechałem, przede, przedstawieniu, przeniesiony, przerwali, przed, przekazałem, przestała, przewidujemy, przed, przed, przed, przeciwko, przed, przeżyła, przeszli, przemysław, przeprasza, przekraczamy, przed, przechwycona, przerwy, przekonuje, przed, przeżył, przewodnika, przerażająca, przed, przestrogi, przepraszam, przed, przesiedla, przekazaniu, przed, przed, przerwać, przepaścią, przestać, przestępstwo, przed, przechodzą, przestawiamy, przeszły, przepraszam, przechodzi, przerodził, przemocy, przekazano, przewrócił, przepraszam, przed, przemknęła, przekazał, przed, przeprasza, przed, przesłuchania, przekazu, przeszukania, przesądzony, przemoc, przeprasza, przed, przed, przepaścią, przebiegły, przeładunek, przeciwne, przedstawia, przebił, przemawiał, przekroczył, przeszkodami, przekazała, przepraszamy, przemycić, przeskoczyć, przewodnictwem, przepisy, przebieg, przeprowadzić, przechodził, przedsiębiorstw, przekaz, przed, przeciwko, przedszkola, przesunięte, przemówienie, przed, przemówieniu, przeżyła, przed, przed, przestępca, przed, przed, przejdzie, przepytał, przetrwał, przestał, przeprasza, przed, przepytał, przed, przemówienie, przerwane, przestawali, przeszedł, przerażenie, przepisach, przeszkodził, przekop, przegrał, przekazał, przeciwko, przeprasza, przerażająca, przekazał, przerywają, przeżył, przeciwnie, przeciwko, przesłuchała, przejmujący, przeżyła, przed, przejścia, przekazały, przeciwko, przebaczenie, przechodzimy, przerwa, przed, przechodnie, przed, przejechał, przed, przejmuje, przewozu, przegrywa, przed, przewidywania, przewoźnik, przepis, przed, przepraszam, przeżyć, przed, przeprosin, przeciw, przebił, przemyt, przewidywalność, przedstawił, przedsiębiorca, przegrywa, przejazd, przestrzegał, przechodzą, przedawnienia, przesłucha, przejęcia, przed, przeleciała, przeciw, przed, przejął, przewlekła, przeszłości, przemoc, przeciw, przeklina, przed, przemocy, przedmiot, przeszli, przed, przed, przed, przed, przejęty, przeanalizowaliśmy, przestępstwo, przeszukaj, przeanalizowaliśmy, przed, przestać, przeleciał, przejściu, przełom, przed, przepraszam, przepychanka, przestrzeni, przełożonych, przed, przestał, przepraszam, przeszło, przed, przekroczyła, przerwać, przetransportowali, przepis, przegrała, przerwany, przewodnicząca, przeze, przed, przełożony, przepalone, przesłanką, przerwania, przejście, przekroczył, przed, przełomu, przerażone, przekazanie, przeciwko, przeraziły, przedwyborcza, przeczy, przerwy, przeszło, przeprosić, przetarg, przełyku, przepaście, przed, przełom, przejmie, przed, przed, przechwycona, przedmioty, przesunąć, przed, przekazem, przed, przestała, przeprowadzić, przed, przeszedł, przerwy, przegrywa, przerzucić, przekroczyła, przerwał, przejęła, przepustki, przed, przerwy, przed, przełom, przerwał, przewozi, przetarg, przekąska, przeciwko, przededniu, przejechać, przeprosić, przed, przepaść, przeżyła, przegłosował, przed, przed, przegranej, przesądziła, przed, przeciwnikiem, przepisów, przesyłaniu, przed, przewożącego, przeżyła, przerwał, przebój, przewozu, przed, przejeździe, przestają, przebieg, przedmieście, przestrzeń, przepisy, przed, prześpimy, przenieśli, przed, przeciw, przewoźnik, przed, przed, przeszło, przełom, przestępców, przerwały, przekażcie, przeszczepu, przeżył, przeżyć, przepaść, przemowa, przewrócił, przełożył, przeciętna, przebieranym, przekracza, przerażający, przerażające, przemową, przemocy, przedsprzedaż, przestępstwa, przemówienie, przepisów, przerażony, przekonał, przeszczepu, przejażdżka, przemysława, przeszczep, przewidzieć, przepaść, przed, przeszła, przeprowadzkę, przed, przeżyły…"
149,,487,", , , , , , , , , , , , , , , , , , , , , , , , , , , , , , , , , , , , , , , , , , , , , , , , , , , , , , , , , , , , , , , , , , , , , , , , , , , , , , , , , , , , , , , , , , , , , , , , , , , , , , , , , , , , , , , , , , , , , , , , , , , , , , , , , , , , , , , , , , , , , , , , , , , , , , , , , , , , , , , , , , , , , , , , , , , , , , , , , , , , , , , , , , , , , , , , , , , , , , , , , , , , , , , , , , , , , , , , , , , , , , , , , , , , , , , , , , , , , , , , , , , , , , , , , , , , , , , , , , , , , , , , , , , , , , , , , , , , , , , , , , , , , , , , , , , , , , , , , , , , , , , , , , , , , , , , , , , , , , , , , , , , , , , , , , , , , , , , , , , , , , , , , , , , , , , , , , , , , , , , , , , , , , , , , , , , , , , , , , , , , , , , , , , , , , , , , , , , , , , , , , , , , , , , , , , , , , , , , , , , , , , , , , , , , , , , , , , , , , , , , , , , , , , , , , , , , , , , , , , , , , , , , , , , , , , , , , , , , , , , , , , , , , "
88,pols,328,"polski, polskie, polski, polski, polski, polski, polskie, polski, polski, polsce, polskie, polska, polska, polsce, polsce, polsce, polsce, polski, polsce, polsce, polsce, polska, polsce, polski, polska, polskę, polska, polsce, polski, polsce, polski, polsce, polski, polsce, polski, polsce, polski, polsce, polski, polsce, polscy, polsku:, polski, polsce, polscy, polskiego, polska, polsce, polscy, polski, polską, polsce, polsce, polską, polski, polska, polsce, polski, polsce, polskę, polski, polsce, polsce, polski, polski, polskim, polsce, polskich, polscy, polsce, polski, polsce, polsce, polsku:, polskę, polska, polski, polsce, polsce, polska, polskiego, polskę, polski, polskiej, polsce, polską:, polski, polskiej, polskich, polskę, polska, polsce, polsce, polsce, polski, polską, polsce, polskie, polsce, polskich, polsce, polskiej, polsce, polsce, polsce, polscy, polski, polskę, polska, polsce, polsce, polski, polska, polskiego, polską, polskich, polscy, polska, polskiej, polska, polsce, polsce, polsce, polskiej, polsce, polski, polskiego, polski, polską, polska, polska, polsce, polskę, polskę, polsce, polską, polsce, polską, polsce, polski, polsce, polski, polsce, polskie, polskich, polsce, polsce, polski, polskiego, polsce, polski, polsce, polski, polsce, polski, polski, polskiej, polsce, polski, polsce, polsce, polsce, polskę, polskiej, polski, polski, polską, polska, polski, polsce, polską, polski, polsce, polski, polskę, polskości, polski, polsce, polsce, polski, polski, polski, polsce, polsce, polskiego, polsko-rosyjską, polsce, polsko-ukraińskiego, polskiej, polska, polsce, polska, polski, polskę, polsce, polska, polsce, polsce, polsce, polski, polska, polski, polski, polski, polskie, polsce, polskich, polsce, polsce, polsce, polskę, polskiego, polsce, polsce, polska, polska, polska, polskim, polski, polski, polsce, polsce, polski, polskę, polsce, polski, polsce, polsce, polsce, polski, polsce, polska, polskiej, polska, polsce, polska, polska, polskiej, polskie, polskie, polski, polskie, polsce, polsce, polsce, polski, polsce, polski, polskiego, polsce, polska, polski, polski, polskim, polsce, polski, polskiego, polsce, polski, polsce, polski, polskiego, polsce, polska, polsce, polsce, polska, polskimi, polski, polski, polski, polski, polskiego, polską, polskę, polską, polska, polsce, polsce, polska, polsce, polski, polski, polski, polski, polski, polskę, polski, polskiego, polska, polski, polsce, polskiego, polską, polska, polsce, polskich, polski, polskich, polska, polsce, polsce, polska, polskim, polskę, polsce, polskimi, polskiej, polsce, polsce, polski, polsce, polskich, polskim, polskiego, polsce, polską, polskie, polskiego, polski, polsce, polskich, polski, polsce, polskie, polscy, polski, polski"
121,przy,295,"przyszedł, przyjęła, przyjęła, przy, przystanku, przy, przygniótł, przyspieszamy, przygniótł, przyspieszamy, przygniótł, przyspieszamy, przygniótł, przyspieszamy, przyznał, przypomniała, przyjęcia, przyznane, przyszłość, przypadkowi, przypadkiem, przygląda, przyłapany, przy, przyłapany, przy, przyłapany, przy, przyłapany, przy, przyłapany, przy, przyłapany, przy, przywitał, przyjęcia, przyjął, przyjęcia, przysypanego, przygotowują, przyleciały, przyszły, przygotowują, przyjaźni, przysmak, przyjęcia, przyłębska, przyszłoby, przyszły, przyłębska, przytupem, przywróceniu, przydacz:, przyszłości, przylecieli, przyszedł, przyznane, przy, przyznało, przypłacił, przyleci, przypadek, przywiózł, przygód, przy, przydacz, przystanków, przyjedzie, przyznał, przybywa, przygotowani, przyjechała, przyspieszył, przypominamy, przypominający, przygotowują, przyjaźni, przyjaźnie, przyjeżdżali, przy, przykłady, przy, przy, przyjęty, przybiegła, przyszłość, przyjęta, przygotowany, przystanku, przyznaje, przyniesie, przypadek, przygotowany, przystanku, przyznaje, przyniesie, przypadek, przygotowany, przystanku, przyznaje, przyniesie, przypadek, przyjeżdżały, przykładem, przystanek, przyjęło, przysmak, przykładem, przymusu, przyłębskiej, przystąpieniem, przypuszczalny, przy, przyzwoity, przywrócenie, przyjechały, przywrócić, przy, przyśpieszają, przyszłej, przytulam, przypadek, przypuszczać, przyjdź, przyszedł, przy, przyglądania, przypomina, przy, przyjął, przyniosła, przyszłość, przyszły, przy, przyszłości, przymusowo, przyjąć, przyszłego, przyszłość, przymrozkami, przyglądali, przyduszał, przywódca, przy, przyjęta, przytomność, przyznaje, przyczynę, przyjedźcie, przyjechać, przypadki, przypominać, przymrozki, przymrozki, przypalaj, przybywa, przyjechał, przy, przygotowujemy, przymrozki, przypomniała, przyłębskiej, przyłębskiej, przy, przygotowujemy, przybliżenie, przysmaków, przyczyną, przyszłego, przywódcy, przyjaźń, przyniosła, przyznał, przywódcy, przypadku, przydacz, przyjaciel, przyjaźń, przypominają, przyjaciółka, przyjacielem, przyjaciół, przy, przyprawy, przyczynę, przymrozkami, przymrozkami, przykład, przypominają, przyszedł, przyrzeka:, przyniesie, przylotem, przyszli, przyjął, przyrodnimi, przytrzasnęły, przymrozki, przyjemnie, przyczynach, przystanek, przy, przyszedł, przyzwoitość, przyjść, przygotowania, przygotowane, przyłapany, przyczyn, przymusowo, przyłapany, przypadek, przyzwoitym, przywraca, przy, przypomnimy, przygotowują, przy, przymrozki, przyszli, przytomność, przy, przyjacielska, przymrozki, przywozu, przymrozki, przysięgłych, przyczyny, przymusem, przymrozkami, przystanku, przymusem, przynajmniej, przypadku, przypomina, przysięgłych, przyczynę, przyjęciu, przy, przychodzi, przy, przyleciał, przy, przypaliły, przymrozki, przyjechał, przyszłym, przywieźli, przybliżyć, przybywa, przyzwoitości, przygotowują, przy, przygniótł, przy, przysięgałam, przyczyny, przypadkowo, przyrodzie, przylecieliście, przywrócenia, przyszłość, przyszedł, przyszła, przyrodzie, przyjechał, przybywa, przyczyny, przyjął, przymrozki, przyjęcie, przy, przykład, przyjęta, przykład, przy, przypominający, przygotowywać, przynieść, przyszłym, przyczynie, przyznanie, przygnieciona, przykład, przyszedł, przyjęciu, przyznał, przyczynia, przyjęcie, przyjaciółmi, przyjaznych, przychodni, przyjęciu, przyznało, przyszedł"
161,rosj,244,"rosja, rosyjskie, rosyjskie, rosjanie, rosjanie, rosjanie, rosja, rosjan, rosyjska, rosji, rosji, rosjankom, rosja, rosyjski, rosyjskiemu, rosji, rosyjskiemu, rosji, rosyjskiemu, rosji, rosyjskiemu, rosji, rosyjskiemu, rosji, rosyjskiemu, rosji, rosyjski, rosji, rosjanin, rosyjska, rosją, rosja, rosjanie, rosyjskich, rosjan, rosjan, rosjan, rosja, rosja, rosyjskiego, rosyjskie, rosyjska, rosja, rosjanka, rosja, rosyjskie, rosjanie, rosjanie, rosja, rosyjskiej, rosyjskiej, rosyjskie, rosja, rosja, rosjanom, rosjanie, rosję, rosyjskim, rosjanie, rosyjską, rosyjskiej, rosjan, rosyjskich, rosjanie, rosyjską, rosyjskiej, rosjan, rosyjskich, rosjanie, rosyjską, rosyjskiej, rosjan, rosyjskich, rosjanie, rosjan, rosyjskich, rosyjski, rosji, rosja, rosyjski, rosjanie, rosyjskiej, rosyjskim, rosyjskich, rosyjski, rosjan, rosjan, rosyjska, rosjanie, rosyjski, rosyjski, rosji, rosja, rosjanie, rosyjskiego, rosyjskich, rosjan, rosyjska, rosyjskich, rosjan, rosja, rosyjską, rosyjski, rosyjski, rosjanie, rosji, rosyjscy, rosjanami, rosyjskich, rosyjskiej, rosjanie, rosyjskiego, rosyjskiej, rosji, rosji, rosyjskich, rosji, rosjan, rosyjskie, rosyjskiego, rosji, rosja, rosyjscy, rosyjskich, rosji, rosji, rosja, rosja, rosji, rosjan, rosjanom, rosyjskich, rosyjscy, rosyjskie, rosji, rosjan, rosji, rosjan, rosjan, rosja, rosji, rosji, rosyjskiego, rosję, rosji, rosja, rosji, rosja, rosjanie, rosji, rosyjskim, rosyjskich, rosyjskiego, rosyjska, rosyjskiej, rosji, rosji, rosji, rosyjskiej, rosji, rosjanie, rosji, rosjanie, rosyjskiej, rosjan:, rosyjskiej, rosji, rosja, rosyjski, rosjanie, rosyjskiej, rosji, rosjanie, rosjanie, rosjanin, rosyjska, rosjanie, rosyjscy, rosji, rosjan, rosja, rosjanki, rosjan, rosyjskiej, rosji, rosja, rosjanką, rosji, rosyjska, rosję, rosjanie, rosja, rosjanie, rosji, rosji, rosjanie, rosjan, rosjanie, rosji, rosyjska, rosyjskiej, rosyjskich, rosji, rosyjskie, rosyjskich, rosyjskie, rosji, rosyjskie, rosyjska, rosję, rosjanie, rosja, rosję, rosjanom, rosyjskich, rosję, rosyjskiej, rosyjski, rosyjski, rosji, rosyjskie, rosyjskiej, rosji, rosji, rosyjskie, rosji, rosjanie, rosyjski, rosyjskich, rosjanki, rosyjskimi, rosjanie, rosyjska, rosjanin, rosjan, rosjanie, rosji, rosyjskich, rosjanie, rosyjski, rosyjska, rosjan, rosyjskiej, rosyjskich"
295,dzie,236,"dziecko, dziewczynka, dzieci, dzieci, dziesięcioma, dziesięciu, dziecko, dziennikarzy, dziennikarzy, dziennikarzy, dziennikarzy, dziennikarzy, dziennikarzy, dziesięciokrotny, dziewięcioletnia, dzień, dzień, dzielnicę, dzień, dzieci, dzieje, dzieci, dziecko, dziesięcioleci, dzieci, dzieje, dziesiątki, dzieci, dziecko, dziennie, dzień, dziesiątki, dziewczynki, dzieje, dzień, dzień, dzieci, dzieci, dziewczynka, dzieci, dzieci, dzieci, dzieci, dziecka, dzieje, dziecko, dziedzictwa, dzieci, dzieci, dzieje, dziecko, dzieci, dziećmi, dziecka, dziecka, dziennikarski, dzień, dziewczynka, dziewięć, dzień, dzieli, dziesiątce, dziewczyn, dziecka, dziennikarskim, dziecka:, dziecko, dzień, dziennikarskiego, dziesiątkę, dzieci, dzieckiem, dziecko, dzieckiem, dziecko, dziennikarze, dziennikarzy, dzieje, dzieci, dzieje, dzieci, dziennikarz, dzieci, dziecko, dziecko, dzieci, dzień, dziecko, dziecięcego, dziecko, dzień, dziedzińcu, dzień, dzieci, dziecięcą, dzieci, dziennikarz, dzieci, dziewczynka, dzień, dzieci, dziewięć, dzieci, dzieci, dzień, dziecko, dzieci, dzieci, dziecka, dziecka, dzieci, dzień, dziewczynka, dziecko, dziecka, dziecka, dziewięć, dziennie, dzieci, dziecka, dziennikarza, dzieciom, dzieci, dzieckiem, dzieci, dziesiątki, dziewczynek, dzieci, dzieci, dziecko, dziecko, dziennikarskie, dziewicą, dziennikarz, dziewczyna, dzieci, dzieci, dzień, dziecka, dziennikarzy, dziennikarze, dziesiątki, dziesięć, dziecko, dziewięć, dzieci, dzieci, dzieła, dziecko, dzień, dziewczynki, dziecko, dzieci, dzieci, dzieje, dziewięć, dzień, dzieci, dziecko, dzień, dzieckiem, dzieci, dziewiątce, dziesięć, dziecko, dziecka, dziecka, dziecka, dziennikarza, dzieje, dzieci, dzieci, dziesiątki, dziesięciu, dziesięć, dziećmi, dziewczynka, dziecka, dzieje, dziewięciu, dzień, dziecka, dziewczynka, dziecka, dziesiątki, dziecko, dzieci, dzieli, dziesięciu, dziecka, dzieci, dziesięć, dziecku, dziewczynkę, dziewiątego, dzień, dziewczynka, dziecka, dzieci, dziennikarze, dziewięć, dziesiątki, dzień, dzieci, dziennikarką, dzień, dzieci, dzieci, dziennikarzy, dziecko, dzieci, dziecko, dzieci, dziecko, dziewczynka, dziennikarzy, dzieci, dzieci, dzieci, dzieci, dziesiątki, dzieci, dziećmi, dzienne, dzieci, dziewczynka, dzień, dzieckiem, dziesiątki, dzieci, dziecka, dzieje, dzieci, dziewczęta, dzieci, dzieci"
90,ukra,181,"ukrainy, ukraiński, ukraiński, ukrainy, ukraińska, ukraińcy, ukrainy, ukraińcy, ukrainy, ukraińcy, ukrainy, ukraińcy, ukrainy, ukraińcy, ukrainy, ukraińcy, ukrainie, ukrainy, ukrainy, ukraiński, ukrainy, ukrainy, ukrainy, ukrainy, ukrainy, ukrainy, ukrainy, ukrainy, ukrainy, ukrainy, ukrainy, ukrainy, ukrainy, ukrainy, ukrainie, ukrainę, ukrainy, ukrainę, ukraińskich, ukrainy, ukrainy:, ukraińców, ukrainy, ukrainie, ukrainie, ukraińska, ukraińska, ukraiński, ukrainy, ukrainy, ukrainę, ukraińskim, ukrainy, ukrainy, ukrainę, ukrainy, ukrainie, ukrainy, ukraińskie, ukrainie, ukrainkę, ukraść, ukraińskiej, ukraińców, ukraińców, ukraińców, ukrainą, ukrainy, ukraiński, ukrainie, ukraina, ukrainie, ukrainy, ukraińcy, ukrainy, ukraina, ukrainy, ukraina, ukrainy, ukraina, ukrainy, ukraść, ukraiński, ukrainy, ukrainy, ukrainy, ukraiński, ukraińskie, ukraińska, ukrainie, ukraińskie, ukraińcy, ukraińska, ukraińców, ukraiński, ukraińskich, ukrainie, ukrainie, ukraińców, ukraińskie, ukrainy:, ukraińskich, ukrainie, ukraiński, ukraińców, ukrainy, ukraińska, ukraińska, ukradli, ukraińcom, ukraińcy, ukraiński, ukrainę, ukraińscy, ukraińskim, ukraina, ukrainy, ukrainiec, ukraińskim, ukrainie, ukrainy, ukrainy, ukraina, ukraińskie, ukraiński, ukraina, ukraińskiego, ukraińskich, ukraińscy, ukrainy, ukraińcy, ukraińskie, ukrainie, ukrainie, ukrainy, ukrainy, ukraiński, ukrainy, ukrainie, ukraina, ukraińskiej, ukraińskiej, ukrainy, ukrainy, ukrainy, ukrainy, ukrainy, ukrainy, ukrainę, ukrainy, ukraińskich, ukraińskie, ukraińskiej, ukraińcom, ukrainy, ukraińskie, ukraińskiej, ukraina, ukrainy, ukraina, ukraińskiej, ukrainy, ukraińskiej, ukraińcy, ukraiński, ukrainy, ukraińskiego, ukrainy, ukraińska, ukraiński, ukraiński, ukrainka, ukraińską, ukrainie, ukraińskiej, ukraińcy, ukraińska, ukraińskiego, ukraińcy, ukrainy, ukraińska"
210,prez,171,"prezes, prezes, prezydenckiej, prezesa, prezesa, prezesa, prezesa, prezydent, prezydent, prezydent, prezes, prezes, prezes, prezes, prezes, prezes, prezes, prezes, prezes, prezes, prezes, prezes, prezentacja, prezydentem, prezydenta, prezydent, prezydenta, prezydent, prezydent, prezydent, prezesem, prezydent, prezydent, prezes, prezent, prezesem, prezydent, prezydenta, prezydenta:, prezes, prezydent, prezydent, prezydent, prezydenta, prezydent, prezydent, prezydent:, prezydenta, prezesie, prezydent, prezydenta, prezesa, prezydenta, prezydentem, prezydenta, prezydent, prezydenta, prezydenci, prezydenta, prezydent, prezydenta, prezydent, prezydent, prezydenta, prezydenta, prezydent, prezydent, prezesowi, prezesa, prezydenta, prezesa, prezydenckiej, prezydenta, prezydent, prezes, prezydent, prezydent, prezes, prezes, prezes, prezydent, prezydent, prezydent, prezes, prezes, prezent, prezydent, prezesie, prezenterka, prezesem, prezydentem, prezydenta, prezes, prezentacja, prezesem, prezydenta, prezydentami, prezydenckimi, prezes, prezydent, prezydent, prezenty, prezydenckich, prezeskę, prezydenta, prezesie, prezesie, prezydenci, prezydent:, prezydent, prezes, prezesa, prezesem, prezesa, prezesa, prezydent, prezydent, prezydenckiej, prezes, prezesa, prezesa, prezydent, prezydenturę, prezydent, prezesa, prezydencka, prezent, prezesa, prezesa, prezydent:, prezent, prezes, prezydent, prezydenckiej, prezes, prezydencka, prezydenta, prezent, prezydent, prezydent, prezydenckich, prezydent, prezydenta, prezydenta, prezydenta, prezydenta, prezydenta, prezesa, prezydenckiego, prezydenta, prezydenta, prezydencki, prezydent, prezydenta:, prezydenta, prezydenta, prezydenta, prezydent, prezydent, prezesem, prezes, prezydent, prezydent, prezydent, prezydent, prezydentowi, prezydent, prezydenckiej, prezesa, prezydenta, prezydenckiej"
560,któr,157,"których, których, których, których, który, która, która, których, który, który, który, które, która, którzy, które, które, które, który, które, które, które, którym, która, które, którym, którego, która, który, której, które, który, którym, którym, którzy, które, który, którzy, którą, którzy, który, które, która, którym, który, które, który, którzy, która, którą, której, która, która, którą, która, którego, która, których, które, która, która, którzy, które, którym, która, które, których, który, który, która, którzy, którzy, który, którym, którym, którym, który, które, która, która, który, która, który, których, która, który, która, którzy, które, który, który, który, którego, który, który, który, który, którzy, które, który, którzy, którzy, której, którzy, który, który, które, którzy, której, którzy, którym, która, którym, której, którego, które, które, których, którą, który, którym, które, która, którzy, które, które, który, które, który, który, którego, która, która, którym, którzy, którzy, która, który, którzy, którą, którzy, którego, która, który, który, którego, który, którzy, który, który, który, który, które, który, którzy, której, który, które"
44,zost,121,"zostało, zostało, zostały, zostały, zostać, zostać, zostać, zostać, został, zostało, zostanie, zostałby, został, zostałby, został, zostałby, został, zostałby, został, zostałby, został, zostałby, został, został, zostało, została, zostało, został, zostanie, została, zostały, zostały, został, zostań, zostaje, zostały, zostać, zostali, została, zostanie, zostanie, zostanie, zostało, zostać, zostawić, został, została, został, został, zostać, zostać, zostań, został, zostałam, został, został, zostać, zostały, został, zostanie, został, zostali, został, zostanie, została, zostać, została, zostało, zostało, został, zostało, zostały, zostać, zostać, zostaje, zostanę, zostanę, zostały, zostałem, zostawcie, została, zostać, została, został, została, zostało, został, zostaje, został, została, zostanie, zostają, został, został, zostać, został, został, zostać, zostać, został, został, została, został, zostały, została, zostały, został, zostawili, został, zostają, zostanie, została, została, został, została, zostać, został, zostać, zostać, został, zostali"
193,żyje,116,"żyje, żyje, żyje, żyje, żyje, żyje, żyje, żyje, żyje, żyje, żyje, żyje, żyje, żyje, żyje, żyje, żyje, żyje, żyje, żyje, żyje, żyje, żyje, żyje, żyje, żyje, żyje, żyje, żyje, żyje, żyje, żyje, żyje, żyje, żyje, żyje, żyje, żyje, żyje, żyje, żyje, żyje, żyje, żyje, żyje, żyje, żyje, żyje, żyje, żyje, żyje, żyje, żyje, żyje, żyje, żyje, żyje, żyje, żyje, żyje, żyje, żyje, żyje, żyje, żyje, żyje, żyje, żyje, żyje, żyje, żyje, żyje, żyje, żyje, żyje, żyje, żyje, żyje, żyje, żyje, żyje, żyje, żyje, żyje, żyje, żyje, żyje, żyje, żyje, żyje, żyje, żyje, żyje, żyje, żyje, żyje, żyje, żyje, żyjemy, żyje, żyje, żyje, żyje, żyje, żyje, żyje, żyje, żyje, żyje, żyje, żyje, żyje, żyje, żyje, żyje, żyje"
306,praw,112,"prawa, prawne, prawdy, prawdopodobnej, prawicowy, prawdopodobnie, prawdopodobnie, prawdopodobnie, prawdopodobnie, prawdopodobnie, prawdopodobnie, prawie, prawo, prawie, praworządnym, prawem, praworządność, prawie, prawie, prawa, prawie, prawo, prawie, prawdziwej, prawnej, prawdy, prawdziwemu, prawa, prawdopodobieństwo, prawie, prawo, prawdy, prawo, prawdziwość, prawdopodobnie, prawie, prawie, prawie, prawem, prawie, prawdopodobnie, prawie, prawnik, prawda, praw, prawnicy:, prawo, prawdziwą, prawdy, prawdziwy, prawdopodobnie, prawie, prawie, prawdopodobnym, prawników, prawnym, prawa, prawniczka, prawie, prawem, prawdy, prawdopodobnie, prawie, prawa, prawie, prawa, prawa, prawdę, prawdziwym, prawdopodobnie, prawie, prawdziwy, prawnicy, prawie, prawo, prawa, prawa, prawie, prawie, prawników, prawie, prawie, prawdziwa, prawie, prawdopodobnie, praworządności, prawie, praworządności, prawie, prawda, prawomocny, prawie, prawa, prawie, prawie, prawomocny, praw, prawnym, praw, prawo, prawo, prawa, prawo, prawdopodobnej, prawników, prawa, prawie, prawnie, prawej, prawa, prawo, prawo"
135,mili,110,"milionów, milionów, miliona, miliony, milionów, milionów, miliarderom, milionów, militarnej, militarna, miliarda, miliony, miliony, milionów, miliardera, miliony, miliona, miliony, milionów, milionerów, miliony, miliony, miliony, miliardów, miliony, miliony, miliony, milionom, miliony, milionów, militarnego, miliony, milionami, milionów, milionami, milionami, milionami, milionowe, milionom, miliony, miliona, milionów, milionów, milionów, miliarder, milionów, miliony, miliardów, miliony, milimetry, miliardy, miliony, milionów, milionerów, miliardów, miliardera, miliona, milionerach, miliona, mililitrów, milionerach, miliony, miliony, miliony, miliona, miliard, milionów, miliarda, milionerów, miliony, milionów, milion, milionerzy, miliony, milionów, miliard, milionerach, milionerach, miliarda, miliona, milionerzy, milionerzy, milion, milionerzy, miliona, milionów, miliardów, miliardy, milionów, miliony, milionów, milika, miliardy, milionów, milionów, miliardy, milionów, milionerach, milionów, milionów, miliona, miliarder, miliony, milionerek, milionów, miliony, miliona, milionów, miliarda, miliarda"
231,wiel,110,"wielkie, wielkie, wielka, wielki, wielkiej, wielkiej, wielkiej, wielkiej, wielka, wielką, wiele, wielka, wielką, wielki, wielkie, wiele, wiele, wieloletnią, wielki, wielka, wielkie, wiele, wielkie, wielkim, wiele, wielki, wielki, wielki, wielki, wieloletnie, wielki, wielki, wiele, wielkie, wielka, wielki, wielkie, wielkich, wiele, wielu, wielki, wiele, wielka, wielu, wielką, wielkiej, wielu, wielu, wielkiej, wielkie, wielka, wielotysięczne, wielkanoc, wielu, wielkopolsce, wielka, wiele, wielkanoc, wielkanoc, wielkim, wielki, wielki, wielki, wielki, wielu, wielka, wielu, wielka, wielkiej, wiele, wielka, wiele, wiele, wielorodzinnym, wiele, wielki, wielkich, wiele, wielkim, wielka, wielkiego, wiele, wielkiej, wielka, wiele, wielkości, wielkoszlemowa, wielki, wieloletniej, wielkich, wielki, wielu, wielka, wielką, wielkie, wielu, wielkim, wielki, wielką, wiele, wielkiej, wielka, wiele, wielka, wielka, wielka, wielki, wielkiego, wielkim, wielka"
230,pis,109,"pis, pis, pis, pis, pis, pis, pis, pis, pis, pis, pis, pis, pis:, pis, pis, pis, pis, pis, pis, pis, pis, pis, pis, pis:, pis:, pis:, pis, pis, pis, pis, pis, pis, pis, pis, pis, pis, pis, pis, pis, pis, pis, pis, pis, pis, pis, pis, pis, pis, pis, pis, pis, pis, pis, pis:, pis, pis, pis, pis, pis, pis, pis, pis, pis, pis, pis, pis, pis, pis, pis, pis:, pis, pis, pis, pis, pis, pis, pis, pis, pis, pis, pis:, pis:, pis, pis, pis, pis, pis, pis, pis, pis, pis:, pis:, pis, pis, pis, pis, pis, pis:, pis:, pis:, pis, pis:, pis, pis, pis, pis, pis, pis, pis"
165,euro,108,"europy, europejska, eurojackpot, europejską, europy, europy, eurojackpot, europejska, eurojackpot, europejskiej, euro, europejski, europosłów, eurojackpot, europie, europy, europie:, euro, europie, euro, europie, europie, europejskimi, europie, europejskiej, europy, europejskimi, europie, europejskiej, europy, europejskimi, europie, europejskiej, europy, europejskiej, eurosportu, europie, europejskiej, europoseł:, europejskim, eurojackpot, europie, europejski, euro, europejskiej, europejskiej, euro, europejska, europejskich, europy, euro, europejczycy, euro, eurojackpot, euro, europy, eurojackpot, europejskie, euro, europejskim, europy, europą, euro, europie, eurojackpot, europie, eurojackpot, europejską, eurojackpot, europy, europejska, euro, eurojackpot, europę, euro, europie, europy, eurojackpot, eurojackpot, euro, europejski, europosłów, eurojackpot, europejskiej, europy, europejskiej, eurojackpot, eurojackpot, europejskiego, euro, europejskiej, euro, europie, eurojackpot, euro, europie, eurojackpot, europejskiej, europoseł, europosła, europejskiego, europie, europejskiej, eurojackpot, euro, eurojackpot, euro, euro"
107,polic,108,"policja, policja, policja, policja, policjanci, policja, policję, policjanci, policjantów, policjanci, policjant, policjanci, policja, policjantów, policję, policja, policja:, policję, policzek, policja, policjantów, policja, policyjne, policjanci, policzone, policja, policję, policja, policja, policja, policjantka, policjanci, policja, policja, policjanci, policja, policja, policzek, policja, policję, policjanci, policzyć, policja, policjanci, policja, policzyły, policjantka, policja:, policja, policja, policji, policja, policji, policję, policji, policja, policja, policzyłam, policjantka, policję, policja:, policji, policjantów, policja, policji, policjanci, policja, policję, policji, policja, policja, policja, policyjna, policja, policzkiem, policjanci, policji, policjanci, policjanta, policing, policzek, policja, policja, policja, policja, policję, policja, policyjnej, policji, policja, policjanci, policjantów, policja, policjanci, policjant, policjantów, policja, policja, policzone, policjant, policję, policjantów, policja, policja, policjant, policja:, policja:, policjanci"
20,nagr,104,"nagranie, nagranie, nagranie, nagranie, nagranie, nagrania, nagranie, nagranie, nagranie, nagranie, nagranie, nagranie, nagranie, nagranie, nagranie, nagranie, nagranie, nagrody, nagroda, nagranie:, nagranie, nagrania, nagranie, nagranie, nagranie, nagranie, nagranie, nagranie, nagranie, nagranie, nagrały, nagranie, nagrody, nagranie, nagranie, nagrody, nagrodą, nagrodzeni, nagrali, nagrody, nagranie, nagrodę, nagrywali, nagranie, nagranie, nagranie, nagranie, nagrywa, nagranie, nagród, nagrał, nagrali, nagranie, nagrody, nagranie, nagranie, nagranie, nagranie, nagranie, nagrodą, nagraniu, nagród, nagranie, nagranie, nagraniu, nagranie, nagrody, nagrywa, nagroda, nagrała, nagranie, nagranie, nagrał, nagranie, nagranie, nagrania, nagrodę, nagrodę, nagrali, nagranie, nagrano, nagrody, nagrodami, nagrody, nagrodami, nagrania, nagranie, nagrody, nagranie, nagranie, nagrano, nagranie, nagranie, nagraniem, nagraniu, nagranie, nagrane, nagranie, nagranie, nagranie, nagraniu, nagranie, nagranie, nagranie"
330,jedn,102,"jednym, jednorazowo, jedna, jednak, jedna, jednostki, jednego, jednej, jednak, jednozdaniowy, jednak, jednym, jedną, jednego, jedna, jedno, jednemu, jedną, jednak, jednostka, jedności, jedności, jedne, jedność, jednym, jedność, jedno, jedność, jedno, jedność, jedno, jednej, jedna, jednej, jednak, jednoznaczna, jedna, jednym, jednym, jednym, jedna, jedna, jedna, jedno, jednej, jednego, jedna, jedna, jednej, jedna, jedna, jedno, jednym, jedno, jedną, jednej, jedna, jedno, jedną, jednego, jednej, jednorodzinnym, jedno, jednego, jednorodzinnym, jednostronne, jedno, jednak, jedna, jednak, jedną, jednej, jednej, jednego, jednego, jednego, jednym, jedną, jedną, jednym, jednorodzinnymi, jedna, jednego, jedna, jedno, jednostki, jednym, jednym, jedna, jedna, jedna, jednym, jednym, jednak, jednocześnie, jednopłciowe, jedna, jednak, jednego, jednoznaczna, jednej, jedna"
97,prac,102,"pracę, pracy, pracownika, prac, pracę, pracowników, pracę, pracownik, pracy, pracy, pracy, pracy, pracy, pracy, pracy, praca, pracownicy:, pracę, pracowników, pracy, prace, pracy, pracodawców, pracowników, pracodawca, pracą, praca, pracy, pracy, pracowników, prace, pracy, pracowników, pracowników, pracowników, pracowali, pracy, praca, pracy, pracy, pracę, pracować, pracowników, pracę, praca, pracowników, pracowała, pracuje, pracę, pracowników, pracy, pracownicy, pracują, prace, pracodawców, pracowników, pracę, pracami, pracuje, pracuje, pracują, pracę, pracować, pracuje, pracę, pracę, pracowników, pracowników, pracy, prace, pracy, pracy, pracowników, pracowitych, pracy, pracowników, pracy, pracy, prace, pracy, pracy, pracy, pracy, praca, pracować, pracować, pracy, pracę, pracy, pracy, pracy, prace, pracę, pracy, pracuje, pracę, pracy, pracę, pracy, pracować, pracę, pracę"
856,wszy,102,"wszystkich, wszystko, wszyscy, wszystkie, wszystko, wszystkie, wszystko, wszyscy, wszystkich, wszystkich, wszystko, wszyscy, wszystko, wszystkie, wszystkich, wszystkim, wszystko, wszystkich, wszystkim, wszystko, wszystko, wszystkim, wszyscy, wszystkie, wszyscy, wszystko, wszystkim, wszystko, wszystko, wszystkich, wszystko, wszyscy, wszystko, wszyscy, wszystko, wszystko, wszyscy, wszystko, wszyscy, wszystko, wszystkich, wszystko, wszystkich, wszyscy, wszystko, wszystkich, wszyscy, wszystkich, wszystko, wszyscy, wszystko, wszystko, wszystko, wszyscy, wszyscy, wszystko, wszystko, wszystkie, wszystkie, wszystko, wszystkich, wszystkiego, wszystkim, wszystkich, wszyscy, wszystko, wszystko, wszyscy, wszystko, wszystkie, wszystko, wszyscy, wszystko, wszyscy, wszystkich, wszystkie, wszyscy, wszystko, wszystko, wszyscy, wszystkich, wszystko, wszystkie, wszystkiego, wszystko, wszystko, wszystko, wszystko, wszystko, wszystko, wszystko, wszystko, wszystkich, wszystko, wszystkich, wszystkie, wszystkiego, wszystko, wszyscy, wszystkiego, wszystko, wszystko"
305,decy,100,"decyzje, decydująca, decyzja, decyzja, decyzja, decyzja, decyzja, decyzja, decyzja, decyzji, decyzji, decyzję, decyzja, decydują, decyzja, decyzja, decyzję, decyzja, decyzje, decyzję, decyzji, decyzja, decyzja, decyzję, decyzja, decyzja, decyzję, decyzja, decyzja, decyzja, decyzja, decyzja, decyzja, decyzja, decyzja, decyzja, decyzja, decyzja, decyzja, decyzja, decyzja, decyzja, decyzja, decydujący, decyzję, decyzja, decyzja, decyzji, decyzjami, decyzji, decyzja, decyzja, decyduje, decydenci, decyzja, decyzja, decyzja, decyzję, decyzja, decyzji, decydujące, decyzja, decyzja, decyzja, decyzja, decyzja, decyzja, decyzja, decyzje, decyzja, decyzja, decyzja, decyzjach, decyzje, decyzja, decyzje, decyzja, decyzją, decyzja, decyzja, decyzja, decyzję, decyzja, decyzji, decyzja, decyzja, decyzje, decyzję, decyzji, decydowali, decyzja, decyzja, decyzja, decyzja, decyzji, decyzja, decyzję, decyzje, decydujący, decyzję"
34,świa,100,"świata, światowej, światowej, świata, światowej, światowej, świata, świata, świata, światowym, świat, światło, świadkami, światełko, świata, świadczą, świata, świata, świata, świata, świat, świat, świata, świata, świata, światło, świadomie, światowego, świata, świata, światowy, światowej, świata, świata, światło, świata, światło, świata, światło, świata, światłami, świata, światełka, świadome, świadkowie, świata, światło, świadkowie, świata, świat, świat, świadczenie, świadczenia, świadczeniu, świata, świata, świadek, świat, świat, świata, świadczenie, świat, światło, świata, światu, światowy, świadomości, świata, świata, świata, świat, świata, światowej, świat, świata, światowe, świata, świata, świadomości, świata, światowy, świata, światowej, świadectwie, świadków, świadków, świata, świata, światem, świadectwo, świata, świadomi, światło, świadectwo, świat, świata, świata, świata, światło, światowe"
289,samo,99,"samotne, samochodem, samolotu, samolotów, samolot, samochód, samochód, samolotami, samochody, samolotami, samolocie, samochodach, samochodem, samoloty, samolotów, samolotem, samochód, samochodowym, samolotów, samochodami, samochodami, samochodami, samolot, samochód, samolocie, samochodzie, samolot, samochodami, samochodzie, samotnych, samolotem, samochód, samolotu, samolotów, samochodem, samolotem, samochód, samochody, samochód, samochodu, samochody, samochody, samolotu, samochodach, samochodzie, samochód, samochód, samochód, samochodu, samopoczucie, samolotach, samoloty, samochód, samobójczą, samochód, samorząd, samochód, samolotu, samochody, samolot, samolot, samolotu, samolotu, samochód, samochodów, samochód, samopoczucia, samochód, samochodu, samolotach, samolotem, samochodach, samochody, samolotu, samochodowym, samochodu, samochodów, samochodów, samolot, samochody, samochodach, samolotu, samochód, samochodu, samochodowej, samochodem, samochodzie, samochodzie, samolot, samochód, samochodów, samolotu, samochodem, samolot, samo, samochód, samochód, samochodem, samochodu"
369,stra,96,"strażackim, stratami, stracił, strażackim, strażak, stracić, strata, strategicznych, strategicznego, stracił, strażacka, strasznie, straciliśmy, stracić, strategiczny, strażaków, strategiczne, strachu, stracił, strach, strażników, strażakom, stradivarius, straty, stracił, stracił, straciła, stracił, straciła, stracił, straciła, strajk, strażacy, strategicznej, straci, strażnik, stracić, straciła, stracił, straciła, stracili, stracony, strategiczny, stratach, straszną, strata, stracił, straciła, stracili, strategicznie, stracić, strażakom, stracił, straci, strażników, strachu, strach, strażakami, straszne, straży, stracony, stracili, strategicznych, strachu, straszaku, stracili, strachu, stracili, straż:, strażacy, stracą, strażacy, straciła, strachu, stracili, stracić, stracą, strażacy, strażacy, stratosferze, strach, straty, straciliśmy, stracili, stracić, stracić, stracić, stracimy, strajku, straciło, stracili, strat, strażacy, straty, stracił, straszy"
74,pola,95,"polacy, pola, polaków, polacy, polaków, polaków, polarnego, polaków, polaków, polaków, polaków, polacy, polaków, polaków, polakiem, polaków, polacy, polacy, polacy, polacy, polaków, polaków, polacy, polaków, polacy, polakom, polacy, polak, polaków, polacy, polaków, polacy, polaków, polaków, polak, polaków, polak, polacy, polak, polaków, polacy, polacy, polacy, polacy, polaków, polarna, polacy, polaków, polaków, polaków, polacy, polaków, polaków, polakom, polaków, polaków, polaków, polak, polak, polacy, polacy, polaków, polaków, polacy, polacy, polacy, polacy, polaków, polacy, polacy, polała, polarną, polaków, polaka, polak, polacy, polacy, pola, polacy, polacy, polacy, polak, polacy, polacy, polacy, polacy, polacy, polacy, polak, polacy, polakom, polacy, polaków, polańskiego, polacy"
216,powi,94,"powinna, powinna, powinni, powinni, powinni, powinni, powinni, powinni, powinni, powinni, powiązań, powiedział, powiedziała, powiększy, powiedział, powiedziane, powiedział, powierzchni, powiększyła, powinny, powinni, powiedziane, powiedzieć, powiedzieliśmy:, powietrznej, powieje, powie, powiedzieli, powiedział, powiedział, powiedziała:, powiedziała:, powiedziała:, powietrzne, powiedziała:, powinny, powiązanym, powiedział, powinna, powiedzieć:, powietrzne, powinien, powietrzu, powiedzieć, powietrze, powinna, powietrze, powiedz, powinni, powinno, powinno, powieszonych, powiedziałem, powiedziałam:, powinno, powinien, powinno, powinien, powiedziała, powie, powiedzieć, powinien, powietrzną, powiedziałbym, powinny, powierzchnią, powiedziałam, powinny, powinien, powietrznej, powiadomił, powiedziałam, powiedział, powiększone, powiedział, powiedz, powinien, powiedz, powiedział, powiedziała, powiedział, powiadomił, powiedziała, powiślu, powinien, powinna, powinno, powietrzu, powinniśmy, powiela, powiedział:, powinny, powiedział:, powiedzieć"
249,może,93,"może, może, może, może, może, możesz, może, możecie, może, może, może, może, może, może, może, możesz, może, może, może, może, może, może, możemy, może, może, może, może, może, może, może, możemy, może, może, może, może, może, może, może, możemy, może, może, może, możesz, może, może, może, może, może, może, może, może, może, może, może, może, może, może, możemy, może, może, może, może, może, może, może, może, możemy, może, może, może, może, może, możesz, może, może, może, może, może, może, możemy, może, może, może, może, może, może, możesz, może, może, może, może, może, może"
1167,a,93,"a, a, a, a, a, a, a, a, a, a, a, a, a, a, a, a, a, a, a, a, a, a, a, a, a, a, a, a, a, a, a, a, a, a, a, a, a, a, a, a, a, a, a, a, a, a, a, a, a, a, a, a, a, a, a, a, a, a, a, a, a, a, a, a, a, a, a, a, a, a, a, a, a, a, a, a, a, a, a, a, a, a, a, a, a, a, a, a, a, a, a, a, a"
27,śmie,91,"śmierci, śmierć, śmierci, śmierć, śmieciarką, śmieję, śmierci, śmierci, śmierci, śmierci, śmierci, śmierci, śmierci, śmierci, śmiechem, śmierci, śmierć, śmierć, śmiertelne, śmiercionośne, śmierci, śmiertelnych, śmiercią, śmiercią, śmieci, śmiertelnego, śmieciem, śmiertelnych, śmierci, śmiertelnych, śmierci, śmierci, śmierci, śmierci, śmierci, śmiercią, śmierć, śmierci, śmiercią, śmieje, śmierci, śmierci, śmiertelna, śmierci, śmierć, śmiercią, śmierci, śmiercią, śmierci, śmierci, śmiertelnie, śmierci, śmierci, śmierć, śmieci, śmieci, śmiertelne, śmieci, śmierci, śmiertelnego, śmierci, śmierci, śmierć, śmierci, śmierć, śmiercią, śmietnika, śmiercią, śmietnikowej, śmierci, śmierć, śmierci, śmiechu, śmiertelnym, śmiertelności, śmierci, śmierci, śmierć, śmieciarce, śmierci, śmiertelnie, śmiertelnej, śmierć, śmierci, śmierci, śmiertelny, śmierć, śmierci, śmierć, śmierci, śmierć"
294,kole,90,"kolejne, kolejne, kolejne, kolejne, kolejne, kolejowym, kolejnego, kolejnego, kolega, kolejnego, kolega, kolejnego, kolega, kolejnego, kolega, kolejnego, kolega, kolejnego, kolega, kolejne, kolejnych, kolejna, kolejna, kolejną, kolejny, kolejne, kolejna, kolejne, kolejce, kolejne, kolejną, kolejorz, kolejorz, kolejorz, kolejowy, kolejna, kolei, kolejnej, kolejna, kolejna, koleżanki, kolejna, kolejne, kolekcjonerki, kolejny, kolejne, kolejny, kolejne, kolejny, kolejne, kolegów, koledze, kolejnej, kolejarze, kolec, kolejną, kolejna, kolejny, kolejnych, kolejne, kolejny, kolegów, kolejne, kolejna, kolejowy, kolekcję, kolejny, kolejna, kolejny, kolega, kolejne, kolejową, kolejne, kolejne, kolejną, kolejny, kolejny, kolejny, kolejny, koledzy, kolejny, kolejne, koledzy, kolejce, kolejne, koledzy, kolejnej, kolejna, kolejna, kolejna"
747,mini,88,"ministra, ministerstwo, ministra, ministra, ministerstwo, ministerstwa, ministerstwie, ministra, ministra, ministra, ministerstwa, minister, minister, ministra, minister, minister, ministra, minister, ministra, minimalną, ministerstwa, ministrów, ministra, ministra, minister, ministra, ministra, minister, minister, minister, minister, minister, minister, minister:, minister, minister, minister, ministerstwo, minister, minister, minister, ministra, ministrowie, ministra, minister, ministerstwa, ministrów, ministerstwa, minister:, minister, ministra, minister, minister, minister, minister, minister, ministerstwo, ministerstwo, minister, minister, ministrem, ministra, mini, ministra, ministra, ministra, ministerstwo, minister, minister, minister, minister, minister:, ministra, ministra, ministerstwo, minister, minister, ministra, minister:, ministerstwa, minister, minister, ministerstwo:, minister, minister, minister, minister, minister"
101,najw,87,"najwyższym, największego, najwyższy, najwyższego, najwięcej, największa, największą, najwyższym, najwięcej, największa, największą, najwyższym, najwięcej, największa, największą, najwyższym, najwięcej, największa, największą, najwyższym, najwięcej, największa, największą, najwyższym, najwięcej, największa, największą, najwyższym, najważniejsze, najwyższy, najważniejsi, największe, najwyższego, najwyższym, największy, najwyższą, największego, największych, najważniejszym, najwyższego, najwyższy, największe, największych, największy, największych, największych, największych, największego, największe, największych, najwyższy, największych, największy, największych, najważniejsze, najwyższe, największych, najwyższym, największym, największym, najwyżej, największych, najważniejszych, największy, największa, najważniejszą, największego, najwyższym, największe, najważniejsze, największym, najważniejszego, największy, najwięcej, najważniejszych, najwspanialszy, największych, najwyższego, najważniejsze, największych, największy, największe, najważniejszy, najwyższej, największych, największy, największą"
229,polit,87,"polityka, polityka, polityków, polityki, polityk, polityce, polityce, polityce, polityce, polityce, polityce, polityczne, politycznej, polityka, polityka, politykę, politycznej, polityczne, politico:, polityczne, polityczne, politycy, polityczny, polityków, polityce, politycznemu, polityczną, polityku, politykę, politycznej, polityczne, polityczny, politycy, politykę, politycznej, polityce, politycy, politycy, politycznym, politykom, politologii, polityczna, polityczna, politycy, politycy, politycznego, polityka, politechniki, politycy, politykiem, politykiem, politycy, polityki, polityk, politycy, polityczny, polityk, polityk, polityk, politycznego, polityki, polityka, polityki, politycznej, polityczne, polityki, politycznej, polityka, polityka, polityczną, politycy, polityk, polityków, polityczne, politycy, polityczna, politycznej, polityką, polityka, polityka, polityków, polityka, polityka, polityka, polityka, politycznej, polityczny"
320,miał,86,"miał, miał, miał, miał, miała, miały, miałam, miały, miało, miała, miał, miała, miała, miał, miał, miał, miał, miały, miał, miał, miała, miała, miała, miał, miała, miała, miały, miała, miało, miało, miała, miało, miał, miał, miał, miał, miał, miał, miałam, miał, miała, miał, miał, miałam, miał, miał, miał, miał, miał, miała, miał, miała, miał, miał, miała, miał, miał, miała, miała, miał, miał, miał, miał, miała, miała, miał, miały, miała, miała, miało, miał, miał, miała, miało, miała, miała, miał, miał, miała, miał, miał, miał, miał, miał, miał, miał"
352,tysi,85,"tysiące, tysięcy, tysięcy, tysięcy, tysięcy, tysiące, tysiące, tysiące, tysiąc, tysięcy, tysiące, tysięcy, tysięcy, tysięcy, tysięcy, tysięcy, tysięcy, tysięcy, tysięcy, tysiące, tysięcy, tysięcy, tysięcy, tysięcy, tysięcy, tysiąc, tysięcy, tysiące, tysiąc, tysięcy, tysięcy, tysiące, tysiące, tysiąca, tysięcy, tysięcy, tysięcy, tysiąca, tysiące, tysięcy, tysięcy, tysięcy, tysięcy, tysięcy, tysięcy, tysięcy, tysięcy, tysięcy, tysięcy, tysięcy, tysięcy, tysięcy, tysięcy, tysięcy, tysięcy, tysięcy, tysięcy, tysięcy, tysięcy, tysięcy, tysięcy, tysięcy, tysięcy, tysiące, tysięcy, tysiące, tysiąc, tysięcy, tysięcy, tysiąca, tysięcy, tysiące, tysięcy, tysiące, tysiąca, tysięcy, tysiąca, tysiąc, tysięcy, tysięcy, tysięcy, tysięcy, tysięcy, tysięcy, tysięcy"
7,być,82,"być, być, być, być, być, być, być, być, być, być, być, być, być, być, być, być, być, być, być, być, być, być, być, być, być, być, być, być, być, być, być, być, być, być, być, być, być, być, być, być, być, być, być, być, być, być, być, być, być, być, być, być, być, być, być, być, być, być, być, być, być, być, być, być, być, być, być, być, być, być, być, być, być, być, być, być, być, być, być, być, być, być"
337,tym,81,"tym, tym, tym, tym, tym, tym, tym, tym, tym, tym, tym, tym, tym, tym, tym, tym, tym, tym, tym, tym, tym, tym, tym, tym, tym, tym, tym, tym, tym, tym, tym, tym, tym, tym, tym, tym, tym, tym, tym, tym, tym, tym, tym, tym, tym, tym, tym, tym, tym, tym, tym, tym, tym, tym, tym, tym, tym, tym, tym, tym, tym, tym, tym, tym, tym, tym, tym, tym, tym, tym, tym, tym, tym, tym, tym, tym, tym, tym, tym, tym, tym"
375,mies,81,"mieszkańcy, mieszkańcy, mieszkańcy, mieszkańców, mieszkańcy, mieszkańców, mieszkańcy, mieszkańców, mieszkańcy, mieszkańców, mieszkań, mieszkaniu, mieszkalną, miesiące, miesiąc, miesięcy, mieszkaniem, mieszkania, miesiące, mieszczą, mieszkańców, mieszkania, mieszkańcy, miesiąc, miesięcy, mieszkań, miesięcy, miesięcznie, mieszkanie, mieszkań, mieszkańcy, mieszkania, mieszkań, mieszkania, mieszkańcy, mieszka, mieszkań, mieszkaniowego, miesiące, mieszkańcy, miesiącach, mieszkań, mieszkania, miesięcy, miesiącach, mieszkają, miesiąca, mieszkańców, miesiącach, miesięcy, mieszkańców, mieszkańcy, mieszkaniowe, mieszkała, mieszkań, mieszkańcy, mieszkań, mieszkanie, miesięcy, miesiącu, miesiącach, mieszkańców, mieszkańców, mieszkańców, miesięcznicy, miesiąc, mieszkalnictwa, mieszkaniowe, mieszkaniami, mieszka, miesięcy, miesiąca, miesiącu, mieszkaniu, mieszkania, miesięcy, mieszkania, mieszkańcy, miesięcy, mieszkania, mieszkanie"
654,kier,79,"kierowca, kierunki, kierunków, kieruję, kierowca, kierownicą, kierunku, kierowcy, kierowców, kierowców, kierownictwa, kierunku, kierunek, kierownictwa, kierunku, kierunek, kierownictwa, kierunku, kierunek, kierunku, kierowcy, kierunków, kierunki, kierowca, kierował, kierunku, kierowca, kierunku, kierowcy, kierowców, kierunek, kierunki, kierowcy, kierunków, kierowców, kierownicą, kierowcy, kierownictwie, kierowania, kierunków, kierowca, kierunku, kierowca, kierowca, kierowca, kierowca, kierowcy, kierowcę, kierowca, kierunek, kierowca, kierowców, kierowców, kierownicą, kierowniczych, kierowcę, kierownicą, kierowca, kierownictwem, kierowca, kierowca, kierowca, kierował, kierowcy, kierunku, kierowcy, kierowców, kierunku, kierunku, kierowco, kierowców, kierowców, kierowaną, kierowcy, kierowca, kierowca, kierowca, kierunków, kierownicą"
660,mówi,78,"mówi, mówią, mówią, mówił, mówią, mówił, mówią, mówił, mówią, mówił, mówią, mówił, mówią, mówił, mówi, mówi, mówił, mówi, mówi, mówi, mówić, mówił, mówią, mówimy, mówią, mówimy, mówią, mówimy, mówicie, mówi, mówi, mówi, mówił, mówiąc, mówił, mówią, mówić, mówią:, mówią:, mówiłem:, mówią, mówią, mówi, mówili, mówić, mówi, mówi, mówią, mówił, mówił:, mówi, mówił:, mówi, mówią:, mówią, mówili, mówi, mówił, mówi, mówił, mówi, mówią, mówię, mówię, mówię, mówię, mówią, mówi, mówił, mówiono, mówiła, mówił, mówiła, mówił, mówić, mówi, mówią, mówiła"
473,kont,78,"kontroli, kontroli, kontynuowanie, kontrterroryści, kontrterroryści, kontrterroryści, kontrterroryści, kontrterroryści, kontrterroryści, kontaktowego, kontrolę, kontaktowego, kontroli, kontrataku, kontra, kontrowersyjny, kontrola, kontenerowy, kontroli, kontrola, kontra, kontynentów, kontrole, kontenerowiec, kontrowersyjna, kontrowersyjnej, kontaktu, konta, kontrole, kontrowersyjna, kontrowersyjnego, kontakt, kontuzji, kontra, kontekstu, kontrowersyjna, kontrolę, kontrofensywa, kontrofensywa, kontaktują, kontrola, kontenerach, kontrola, kontrolę, kontuzja, kontra, kontakt, kontrolę, kontrole, konta, kontroli, kontrole, kontrakty, kontrolę, kontekście, kontratak, kontakcie, kontekście, kontrowersja, konta, kontroli, kontrakt, kontuzji, kontrole, kontrkandydat, kontrolą, kontrola, kontrolę, kontroli, kontroli, kontra, kontaktu, kontrofensywie:, kontrofensywa, kontynuowane, kontrakty, kontrolę, kontakcie"
310,osób,78,"osób, osób, osób, osób, osób, osób, osób, osób, osób, osób, osób, osób, osób, osób, osób, osób, osób, osób, osób, osób, osób, osób, osób, osób, osób, osób, osób, osób, osób, osób, osób, osób, osób, osób, osób, osób, osób, osób, osób, osób, osób, osób, osób, osób, osób, osób, osób, osób, osób, osób, osób, osób, osób, osób, osób, osób, osób, osób, osób, osób, osób, osób, osób, osób, osób, osób, osób, osób, osób, osób, osób, osób, osób, osób, osób, osób, osób, osób"
793,tusk,77,"tuska, tusk, tusk, tusk, tusk, tusk:, tusk:, tusk:, tusk:, tuskiem, tusk, tusk, tuska, tusk, tusk, tusk, tusk, tusk:, tuska, tusk, tusk, tusk, tusk, tuska, tusk, tusk, tusk:, tusk:, tusk, tusk:, tusk:, tuska:, tuska, tusk, tusk, tuska, tusk, tuska, tuska, tusk, tuska, tusk, tusk, tusk, tusk, tusk, tusk, tusk, tuska, tusk, tusk:, tusk, tusk, tusk:, tusk, tusk, tusk, tusk, tusk, tusk:, tusk:, tusk:, tusk, tusk, tusk, tuskiem, tusk, tusk, tusk, tuska, tuska, tusk, tusk, tusk, tusk:, tusk, tuskowi"
86,niem,77,"niemieckie, niemieckie, niemiecką, niemal, niemal, niemiła, niemiecką, niemiecką, niemczech, niemczech, niemczech, niemczech, niemczech, niemczech, niemcy, niemcami, niemiec, niemczech, niemal, niemiec, niemieckiej, niemieckie, niemczech, niemcy, niemalże, niemal, niemiec, niemieckiego, niemal, niemożliwe, niemiecki, niemiec, niemiec, niemieckich, niemal, niemal, niemiecko-polsko-tureckiego, niemcy, niemal, niemiec, niemcy, niemal, niemców, niemczech, niemczech, niemcami, niemal, niemal, niemiec, niemal, niemiecki, niemcy, niemiec, niemal, niemiec, niemal, niemcami, niemcy, niemal, niemal, niemczech, niemiec, niemiec, niemal, niemowlę, niemal, niemiecki, niemcy, niemiecki, niemal, niemal, niemiec, niemowlęciu, niemców, niemcami, niemcami, niemym"
662,świą,76,"świątek, świątek, świątek, świątek, świątek, świątek, świątek, świątek, świątek, świątek, świątecznej, świątek, świątek, świątek, świątek, świątek, świątek, świątek, świątek, świątek, świątek, świątek, świątek, świątek, świątek, świąt, świątek, świątek, świątek, świątek, świątek, świąteczny, świątek, świątek, świątek, świątek, świątek, świątek, świątek, świątek, świątek, świątek, świątek, świątek, świątek, świątek, świątek, świątek, świątek, świątek, świątek, świątek, świątek, świątek, świątek, świątek, świątek, świątek, świątek, świątek, świątek, świątek, świątek, świątek, świątek, świątek, świątek, świątek, świątek, świątek, świątek, świątek, świątek, świątek, świątek, świątek"
24,spra,75,"sprawy, sprawy, sprawy, sprawdzą, sprawdzamy, sprawą, sprawdzamy, sprawą, sprawdzał, sprawą, sprawę, sprawa, sprawdziliśmy, sprawdzania, sprawiedliwość, sprawą, sprawę, sprawę, sprawę, sprawdziliśmy, sprawa, sprawności, sprawą, sprawił, sprawę, spraw, sprawę, sprawca, spraw, sprawca, sprawcy, sprawczyń, sprawdzam, sprawdzamy, sprawy, sprawy, sprawiedliwością, sprawy, sprawiać, sprawiedliwości, sprawiedliwości, sprawach, sprawę, sprawiedliwości, sprawdziliśmy, sprawców, sprawdza, sprawiedliwości, sprawa, sprawa, sprawiedliwości, sprawdził, sprawdzamy, sprawiedliwości, sprawiedliwości, sprawca, sprawę, sprawność, sprawdzam, sprawę, sprawców, sprawców, spraw, sprawę, sprawę, sprawiedliwość, sprawiedliwość, sprawdzić, sprawa, sprawę, sprawca, sprawa, sprawa, sprawy, sprawiedliwości"
397,nowe,75,"nowe, nowe, nowe, nowe, nowelizacji, nowe, nowe, nowelizacji, nowe, nowe, nowelizacji, nowe, nowe, nowelizacji, nowe, nowe, nowelizacji, nowe, nowe, nowelizacji, nowe, nowelizację, nowelizacja, nowego, nowe, nowe, nowe, nowe, nowe, nowe, nowe, nowe, nowe, nowe, nowe, nowej, nowej, nowe, nowego, nowe, nowe, nowe, nowe, nowe, nowe, nowe, nowej, nowego, nowego, nowe, nowe, nowej, nowe, nowe, nowego, nowemu, nowe, nowego, nowe, nowe, nowelizacja, nowelizację, nowego, nowe, nowe, nowe, nowe, nowe, nowej, nowej, nowelizację, nowelizacją, nowe, nowelizacji, nowego"
108,stan,74,"stanie, stanie, stanie, stanie, stanie, stany, stanie, stanie, stanu:, stan, stanie, stanowiska, stanie, stanowiska, stanie, stanach, stanęła, stanął, stanów, stanie, stanie, stanie, stanie, stan, stanął, stanowczo, stanowiącym, stanowisko, stanu, stanowcza, stanie, stanie, stanowisko, stanie, stanę, stanie, staną, stanie, stanie, stanach, stanęła, stanął, stan, stanie, stan, stanie, stanowiskach, stan, stanie, stanie, stanowisk, stanął, stanęły, stanowić, standardy, stanie, stanie, stanowić, stanie, stanie, stanowisko, stanie, stanu, stanie, stany, stanął, stanowiska, stanie, stanie, stan, stanęła, stanie, stanie, stanie"
159,ale,73,"ale, ale, ale, ale, ale, ale, ale, ale, ale, ale, ale, ale, ale, ale, ale, ale, ale, ale, ale, ale, ale, ale, ale, ale, ale, ale, ale, ale, ale, ale, ale, ale, ale, ale, ale, ale, ale, ale, ale, ale, ale, ale, ale, ale, ale, ale, ale, ale, ale, ale, ale, ale, ale, ale, ale, ale, ale, ale, ale, ale, ale, ale, ale, ale, ale, ale, ale, ale, ale, ale, ale, ale, ale"
314,kilk,73,"kilkanaście, kilku, kilkadziesiąt, kilku, kilkanaście, kilkuset, kilka, kilku, kilkadziesiąt, kilkuset, kilku, kilka, kilka, kilkadziesiąt, kilku, kilkanaście, kilkuset, kilkaset, kilkadziesiąt, kilkaset, kilku, kilka, kilkudziesięciu, kilkanaście, kilkumiesięczne, kilkuset, kilkadziesiąt, kilkupiętrowy, kilka, kilkaset, kilka, kilkanaście, kilka, kilka, kilka, kilkunastostopniowa, kilkukrotnie, kilka, kilku, kilkumiesięczny, kilka, kilka, kilka, kilka, kilku, kilkulatka, kilkunastu, kilkadziesiąt, kilkunastu, kilku, kilka, kilkadziesiąt, kilkudziesięciu, kilka, kilkaset, kilkadziesiąt, kilkudziesięciu, kilkanaście, kilka, kilkudziesięciu, kilkuset, kilkudziesięciu, kilka, kilkanaście, kilka, kilku, kilkuset, kilkadziesiąt, kilku, kilkaset, kilkadziesiąt, kilka, kilkadziesiąt"
735,dost,71,"dostał, dostali, dostać, dostrzega, dostała, dostać, dostali, dostanie, dostały, dostały, dostały, dostajesz, dostępu, dostanie, dostarczanie, dostarczanie, dostarczanie, dostał, dostawy, dostał, dostawy, dostaliśmy, dostarczy, dostaję, dostać, dostali, dostawa, dostanie, dostał, dostała, dostanie, dostarczał, dostęp, dostała, dostała, dostała, dostał, dostał, dostępie, dostałem, dostaniesz, dostał, dostanie, dostajesz, dostali, dostali, dostrzegamy, dostać, dostali, dostali, dostrzegamy, dostęp, dostępem, dostanie, dostać, dostanie, dostarcza, dostępie, dostała, dostać, dostać, dostać, dostali, dostać, dostaje, dostał, dostała, dostała, dostawało, dostanie, dostał"
451,złot,71,"złotych, złotych, złotego, złotych, złotych, złotych, złoty, złotych, złotych, złoto, złotych, złoty, złotych, złotych, złotych, złoty, złotych, złoty, złotych, złoty, złotych, złotych, złotych, złotą, złotych, złotych, złotych, złotych, złotych, złotych, złotych, złotych, złotej, złotych, złotych, złotych, złotych, złotych, złotych, złoto, złotych, złotych, złotych, złotych, złotych, złotych, złotych, złotych, złotych, złotych, złotych, złotych, złotych, złotych, złoty, złotych, złotych, złotych, złotówkę, złotych, złoty, złotych, złotych, złotych, złotą, złotych, złotych, złotych, złotych, złotych, złotych"
906,rząd,71,"rządu, rządzących, rządu, rządzących, rządu, rządzących, rządu, rządzących, rządu, rządzących, rządu, rządzących, rządu, rząd, rządu, rząd, rządzie, rząd, rząd, rządu, rządowego, rządu, rządu, rządowych, rządu, rządowe, rządu, rządowe, rządowe, rządzącym, rząd, rząd, rządowym, rządów, rządy, rządu, rząd, rząd, rząd, rządowy, rządu, rządu:, rząd, rządzi, rządu, rząd, rząd, rządu, rządów, rząd, rządzący, rządzący, rządzących, rząd, rządzi, rządu, rządowej, rządu, rządowego, rząd, rządzącym, rządu, rządzących, rządowej, rząd, rządów, rządów, rząd, rządzących, rządu, rząd"
248,puti,70,"putina, putina, putina, putin, putina, putin, putin, putina, putina, putin, putin, putin, putina, putina, putina, putinem, putina, putin, putina, putina, putin, putina, putinizmu, putina, putinizmu, putina, putinizmu, putinowi, putina, putinowskie, putina, putina, putina, putina, putina, putina, putina, putina, putin, putina, putina, putin, putin, putin, putin, putina, putin, putina, putina, putin, putina, putin, putinowi, putin, putinowskiej, putina, putina, putina, putina, putin, putina, putina, putina, putin, putin, putinowi, putina, putina, putinowi, putin"
60,zatr,70,"zatrzymali, zatrzymali, zatrzymało, zatrzymana, zatrzymaniu, zatrzymania, zatrzymania, zatrzymania, zatrzymania, zatrzymania, zatrzymania, zatrzymać, zatrzymany, zatrzęsło, zatrucie, zatrutym, zatrzymał, zatrzymała, zatrzęsła, zatrzęsła, zatrzymano, zatrucia, zatrzymała, zatrzymanie, zatrzymało, zatrzymania, zatrzymano, zatrzasnęła, zatrzymać, zatrzymany, zatrzymała, zatrudnienia, zatrzymanych, zatrzymywali, zatrzymany, zatrzymanie, zatrudniali, zatruć, zatrzymał, zatrzymany, zatrzymana, zatrzymała, zatrzymania, zatrzymanie, zatrzymać, zatrzymała, zatrzymany, zatrzymano, zatrzymać, zatrzymanych, zatrzymania, zatrzymanych, zatrzymał, zatrzymują, zatrzymała, zatrucie, zatrzymał, zatrzymany, zatrzymania, zatrzymanych, zatrzymany, zatrzymania, zatrzymano, zatrudniono, zatrzymali, zatrzymano, zatrzymany, zatrzymała, zatrzymano, zatrudnić"
209,pier,68,"pierwsza, pierwsza, pierwsza, pierwszy, pierwsza, pierwszy, pierwsza, pierwszy, piersią, pierwsze, pierwsze, pierwszych, pierwszych, pierwszoplanowe, pierwsza, pierwsze, pierwsze, pierwsze, pierwszego, pierwsza, pierwsza, pierwsza, pierwsza, pierwsza, pierwsza, pierwszych, pierwszej, pierwszej, pierwsze, pierwszy, pierwszy, pierwszym, pierwszym, piersiach, pierwsza, pierwsze, pierwsza, pierwszy, pierwsze, pierwsze, pierogów, pierwsza, pierwsza, pierwszego, pierwszej, pierwszego, pierwszych, pierwsza, pierwszym, pierwszy, pierwsza, pierwsze, pierwszy, pierwszy, pierwszy, pierwsze, pierwszy, pierwsza, pierwsze, pierwszą, pierwszy, pierwsza, pierwsi, pierwsza, pierwszym, pierwszy, pierwszym, pierwszym"
62,rodz,68,"rodzice, rodzice, rodziny, rodzina, rodzinę, rodzajem, rodzinę, rodzinę, rodzinę, rodzinę, rodzinę, rodzinę, rodzina, rodzina, rodzin, rodziny, rodziny, rodzaj, rodzinnym, rodzina, rodzinny, rodzina, rodziny, rodzi, rodziny, rodzi, rodziny, rodzi, rodzice, rodzice, rodzaj, rodzina, rodzice, rodzaj, rodziców, rodzaj, rodzinie, rodziną, rodzina, rodzice, rodzicom, rodzicom, rodzinie, rodzina, rodziną, rodziny, rodzinna, rodzinie, rodzic, rodzinie, rodzin, rodzinę, rodzina, rodziny, rodzinie, rodzina, rodzinami, rodziny, rodzice, rodzice, rodzaj, rodzinie, rodzina, rodzinę, rodzina, rodzajem, rodzinie, rodziny"
168,odpo,68,"odpowiedź, odpowiedzieli, odpowiedzieli, odpowiedź, odpowiada, odpowiedzialnych, odpowiada, odpowiada, odpowiada, odpowiedź, odpowiednim, odpowiada, odpowiada, odpowiedzi, odpowiedzialność, odpowiada, odpowiada, odpowiedzi, odpowiedział, odpowiada, odpowiedzieli, odpowiada, odpowiedź, odpowiedział, odpowiedział, odpowiedział, odpowiedź, odpowiedź, odpowiedzieć, odpowiedzi, odpowiedzialność, odpowiada, odpowiedzialna, odpowiedzi, odpowiedzialność, odpowiada, odpowiada, odpowiedzą, odpowiedź, odpowiedź, odpowiadają, odpowiada, odpowiedź, odpowiedzialność, odpowiada, odpowiada, odpowiada, odpowiada, odpowiada, odpowiada, odpowiedź, odpowiedź, odpowiedziała, odpowiedź, odpowiada, odpowiada, odpowiadał, odpowiada, odpowiada, odpowiedź, odpowiedzialna, odpowiadają:, odpowiedzialność, odpowiedź, odpowiedź, odpowiedź, odpowiada, odpowiadają"
276,zmia,67,"zmiany, zmiany, zmian, zmiany, zmian, zmiany, zmianie, zmiany, zmiany, zmiany, zmianę, zmiana, zmiany, zmiana, zmiana, zmiany, zmiana, zmiany, zmiany, zmiany, zmiany, zmiany, zmiana, zmianie, zmiany, zmian, zmian, zmiany, zmiany, zmiana, zmiany, zmiany, zmiany, zmian, zmiany, zmiany, zmiany, zmiany, zmiany, zmiana, zmiany, zmian, zmiana, zmiany, zmiany, zmiany, zmiany, zmiany, zmiana, zmiany, zmiany, zmian, zmiana, zmiana, zmian, zmiana, zmiany, zmiany, zmiany, zmiany, zmiany, zmiany, zmianach, zmiany, zmiana, zmianą, zmiany"
146,trze,66,"trzeba, trzema, trzeciego, trzeba, trzeba, trzeba, trzeba, trzeba, trzeba, trzeba, trzeba, trzeba, trzecią, trzeci, trzeci, trzeba, trzeba, trzeciego, trzeba, trzech, trzecia, trzecia, trzecia, trzech, trzeba, trzeba, trzecimi, trzeba, trzeba, trzeba, trzeba, trzecim, trzeba, trzech, trzech, trzecich, trzecich, trzech, trzeci, trzecią, trzech, trzech, trzecia, trzech, trzeba, trzeba, trzej, trzech, trzeba, trzeba, trzeciej, trzech, trzeciej, trzeba, trzeci, trzeba, trzeba, trzeba, trzeci, trzeba, trzeba, trzeba, trzeci, trzeba, trzech, trzech"
246,bard,66,"bardzo, bardzo, bardzo, bardzo, bardziej, bardzo, bardzo, bardzo, bardziej, bardzo, bardzo, bardzo, bardzo, bardzo, bardzo, bardzo, bardzo, bardzo, bardziej, bardzo, bardzo, bardzo, bardzo, bardzo, bardzo, bardzo, bardzo, bardzo, bardzo, bardzo, bardzo, bardzo, bardzo, bardzo, bardzo, bardzo, bardzo, bardzo, bardzo, bardzo, bardzo, bardziej, bardziej, bardzo, bardzo, bardziej, bardzo, bardzo, bardzo, bardzo, bardzo, bardziej, bardziej, bardzo, bardzo, bardziej, bardzo, bardzo, bardzo, bardzo, bardzo, bardzo, bardzo, bardzo, bardziej, bardzo"
770,czas,65,"czasu, czasów, czasów, czasów, czasów, czasów, czasów, czasów, czas, czasie, czas, czas, czas, czas, czasie, czasie, czasem, czas, czasów, czas, czas, czas, czas, czasie, czas, czasem, czasem, czasach, czasów, czasie, czasem, czasu, czasie, czasie, czasie, czas, czas, czasie, czasie, czas, czasowy, czasie, czasu, czasu, czas, czasem, czas, czas, czas, czasów, czasu, czas, czas, czasy, czas, czas, czas, czas, czasie, czas, czas, czasie, czasem, czas, czas"
297,szpi,65,"szpitala, szpiegów, szpiegowską, szpiegowska, szpiegowska, szpiegowska, szpiegowska, szpiegowska, szpiegowska, szpitala, szpiegowski, szpieg, szpiegowski, szpital, szpiegowskich, szpitala, szpitala, szpitala, szpiegów, szpitalu, szpitalu, szpitala, szpitalu, szpilę, szpiegiem, szpiegów, szpitala, szpitala, szpitalu, szpitalu, szpiegach, szpitalu, szpitalu, szpitalu, szpitalu, szpitala, szpitalu, szpiegostwo, szpiegów, szpital, szpitalu, szpitalu, szpieg, szpital, szpitalu, szpitalu, szpitala, szpilkę, szpitalu, szpilce, szpieg, szpieg, szpitala, szpieg, szpitalu, szpieg, szpieg, szpitalu, szpitala, szpieg, szpieg, szpital, szpieg, szpiegów, szpitalu"
50,ludz,63,"ludzi, ludzi, ludzie, ludzie, ludzi, ludzie, ludzie, ludzkich, ludzie, ludzi, ludzi, ludzie, ludzkości, ludzi, ludzi, ludzie, ludzi, ludzi, ludzi, ludzie, ludzi, ludzi, ludziom, ludzie, ludzie, ludzie, ludzie, ludzi, ludzi, ludzi, ludzie, ludzi, ludzi, ludzi, ludzi, ludzie, ludzie, ludzki, ludzie, ludzie, ludzie, ludzkie, ludzkimi, ludzie, ludzka, ludzi, ludzi, ludzka, ludzi, ludzi, ludzki, ludzie, ludzie, ludzie, ludzie, ludzi, ludzie, ludzie, ludzie, ludziom, ludzie, ludzi, ludzie"
99,usta,62,"ustawą, usta, ustawy, ustawie, ustalenia, ustawy, ustalenia, ustawy, ustalenia, ustawy, ustalenia, ustawy, ustalenia, ustawy, ustalenia, ustawy, ustawy, ustawy, ustawy, ustawę, ustawę, ustawa, ustalenia, ustalenia, ustalenia, ustalenia, ustalenia, ustalili, ustawa, ustawa, ustaleniach, ustawy, ustalić, ustawy, usta, ustach, ustawą, ustawę, ustawa, ustawy, ustaliła, ustawione, ustawy, ustalenia, ustalenia, ustalenia, ustawa, ustawę, ustawy, ustawiła, ustawa, ustawę, ustawa, ustawę, ustawa, ustawie, ustawa, ustawa, ustawy, ustawa, ustawa, ustalił"
470,szcz,61,"szczurów, szczegóły, szczęsnego, szczęśliwie, szczegółowa, szczegóły, szczyt, szczególnie, szczyt, szczegółach, szczegóły, szczątki, szczegóły, szczycie, szczegóły, szczytu, szczerek:, szczegóły, szczególnie, szczękami, szczecinie, szczury, szczątki, szczegóły, szczegółów, szczepi, szczęsny, szczegóły, szczęśliwe, szczegółach, szczególnie, szczegółach, szczególny, szczęście, szczegółów, szczecinie, szczęście, szczepionka, szczeliny, szczątki, szczątki, szczątki, szczegóły, szczęśliwa, szczepionki, szczepionki, szczególny, szczątkach, szczątki, szczególna, szczątki, szczury, szczycie, szczotką, szczepienia, szczegóły, szczegóły, szczecinie, szczelinę, szczęście, szczecinie"
143,czy,61,"czy, czy, czy, czy, czy, czy, czy, czy, czy, czy, czy, czy, czy, czy, czy, czy, czy, czy, czy, czy, czy, czy, czy, czy, czy, czy, czy, czy, czy, czy, czy, czy, czy, czy, czy, czy, czy, czy, czy, czy, czy, czy, czy, czy, czy, czy, czy, czy, czy, czy, czy, czy, czy, czy, czy, czy, czy, czy, czy, czy, czy"
239,ostr,61,"ostrzega, ostrzega, ostrzega, ostrzał, ostrzał, ostrzał, ostrzał, ostrzeżenie, ostrzegają, ostrożność, ostrzega, ostrą, ostrzeżeniami, ostrzeżenia, ostrzeżenie, ostrzega, ostrzega, ostrzegają, ostrzegania, ostrzegania, ostrzał, ostrzału, ostrzał, ostrzeżenie, ostrzeżenia, ostrzega, ostrzegał, ostrzeżenie, ostrołęka, ostrzegaliśmy, ostrzega, ostrzeżenie, ostrzeżenie, ostra, ostrzega, ostrzeżenie, ostrzelano, ostrzeżenie, ostrzelali, ostra, ostrzega, ostrzelanych, ostrzegają, ostrzeżeń, ostrzega, ostra, ostrzałem, ostrzega, ostrzeżenie, ostrzeżenie, ostrzega, ostrzega, ostrzeżenie, ostrzeżenie, ostrzeżenie, ostrzeżenie, ostre, ostrzeżenie, ostrzeżenie, ostrzeżenie, ostrożność"
42,wars,61,"warszawie, warszawie, warszawy, warszawskim, warszawskim, warszawą, warszawy, warszawy, warszawy, warszawy, warszawy, warszawy, warszawę, warszawie, warszawie, warszawie, warszawie, warszawy, warszawie, warszawie, warszawie, warszawy, warszawie, warszawie, warszawie, warszawy, warszawie, warszawiankom, warszawiakom, warszawie, warszawskim, warszawą, warszawskiej, warszawa, warszawą, warszawskiej, warszawy, warszawie, warszawie, warszawie, warszawy, warszawie, warszawskim, warszawskim, warszawskim, warszawa, warszawa, warszawie, warszawy, warstwą, warszawy, warszawie, warszawy, warszawskim, warszawa, warszawa, warszawie, warszawie, warszawy, warszawie, warszawę"
252,pien,60,"pieniędzy, pieniędzy, pieniądze, pieniądze, pieniądze, pieniądze, pieniędzy, pieniędzy, pieniędzy, pieniądze, pieniądze, pieniądze, pieniądze, pieniądze, pieniądze, pieniądze, pieniędzy, pieniądze, pieniądze, pieniądze, pieniądze, pieniądze, pieniądze, pieniądze, pieniędzy, pieniądze, pieniędzy, pieniądze, pieniędzy, pieniądze, pieniądze, pieniędzy, pieniądz, pieniędzy, pieniądze, pieniądze, pieniądze, pieniędzy, pieniądze, pieniędzy, pieniądze, pieniędzmi, pieniądze, pieniędzy, pieniędzy, pieniędzy, pieniędzy, pieniądze, pieniędzy, pieniądza, pieniędzmi, pieniędzy, pieniądze, pieniądze, pieniędzy, pieniądze, pieniądze, pieniędzmi, pieniądze, pieniądze"
236,pogo,60,"pogoda, pogoda, pogoda, pogody, pogody, pogody, pogody, pogody, pogody, pogodą, pogodzie, pogodą, pogody, pogotowie, pogoda, pogoda, pogodę, pogoda, pogodę, pogorszył, pogoda, pogoda, pogoda, pogoda, pogody, pogody, pogoda, pogody, pogoda, pogoda, pogoda, pogoda, pogodzili, pogodą, pogody, pogodą, pogody, pogoda, pogotowie, pogoda, pogody, pogoda, pogoda, pogoda, pogodą, pogoń, pogoda, pogodziłam, pogodowe, pogody, pogoda, pogoda, pogodzić, pogoda, pogoda, pogorszyła, pogodzony, pogoda, pogoda, pogodę"
57,pona,60,"ponad, ponad, ponad, ponad, ponad, ponad, ponad, ponad, ponad, ponad, ponad, ponad, ponad, ponad, ponad, ponad, ponad, ponad, ponad, ponad, ponad, ponad, ponad, ponad, ponad, ponad, ponad, ponad, ponad, ponad, ponad, ponad, ponad, ponad, ponad, ponad, ponad, ponad, ponad, ponad, ponad, ponad, ponad, ponad, ponad, ponad, ponad, ponad, ponad, ponad, ponad, ponad, ponad, ponad, ponad, ponad, ponad, ponad, ponad, ponad"
8,jego,59,"jego, jego, jego, jego, jego, jego, jego, jego, jego, jego, jego, jego, jego, jego, jego, jego, jego, jego, jego, jego, jego, jego, jego, jego, jego, jego, jego, jego, jego, jego, jego, jego, jego, jego, jego, jego, jego, jego, jego, jego, jego, jego, jego, jego, jego, jego, jego, jego, jego, jego, jego, jego, jego, jego, jego, jego, jego, jego, jego"
22,auto,59,"autorytaryzmu, autorytaryzmu, autobusów, autostradą, autostradach, auto, auto, autografem, autokar, autostradzie, autobus, auto, automatyczny, autostrady, autobusy, autobusy, autobusy, autobusu, autobusami, autobus, auto, autostradowej, autostradzie, autostradzie, auto, autostradą, autobus, autorytarnego, autostradą, autobusu, automatyzację, autostradzie, autostradzie, auto, autobusu, autokarem, autorytaryzm, auto, autobusu, auto, auto, autobusowym, auto, autokaru, autobus, autobusu, auto, autostradę, autostradzie, autostradzie, autopoprawka, autostradach, auto, autokaru, autostrada, autostrada, autorytaryzm, autobus, autokar"
1234,medi,58,"media:, media:, media:, media:, media, media:, media:, media:, media, media:, mediów, media, media, mediach, media, media, media, media, media:, media:, media:, mediom, mediów, media:, media:, medialnych, media, media:, media, media, media:, media:, media:, mediolanie, media:, media:, mediów, media:, media, media:, medium, mediów, media, medium, mediów, mediów, mediolanu, media, media:, mediów, media, mediów, media:, media:, mediów, mediów, mediów, mediów"
222,znal,58,"znaleźli, znaleźli, znalazła, znaleźli, znaleźli, znaleziono, znalazł, znalezione, znalazła, znaleźli, znalezione, znaleziono, znalezione, znaleziono, znali, znaleziono, znali, znaleziono, znali, znaleziony, znaleziska, znaleźli, znaleziono, znaleźć, znaleziono, znaleziony, znaleźli, znalazł, znalazł, znaleźli, znaleźli, znalazł, znaleźliśmy, znalazła, znaleźli, znalezionych, znalezienie, znalezione, znalazł, znaleźli, znalezienie, znaleźli, znalazł, znaleziono, znaleźli, znalezisko, znaleziony, znaleźli, znaleźli, znalazł, znalazła, znaleziony, znaleziony, znaleziony, znaleźć, znalazł, znaleziono, znaleziono"
65,zgin,57,"zginęli, zginęło, zginęli, zginęło, zginęło, zginęli, zginęła, zginęły, zginęli, zginął, zginął, zginął, zginął, zginął, zginął, zginęło, zginęła, zginął, zginął, zginął, zginął, zginęło, zginęły, zginął, zginął, zginęło, zginął, zginęła, zginęły, zginął, zginął, zginęły, zginęło, zginąć, zginął, zginąć, zginęła, zginął, zginął, zginął, zginął, zginęła, zginęły, zginęły, zginął, zginęła, zginęli, zginął, zginą, zginął, zginęli, zginął, zginął, zginął, zginęło, zginął, zginęło"
592,osob,57,"osoby, osoba, osobiście, osoba, osoba, osobę, osoby, osobę, osoby, osobę, osobiste, osobowości, osobisty, osoby, osobom, osoby, osoba, osobę, osoby, osobę, osoby, osoby, osobę, osobiście, osobnik, osoby, osoby, osoby, osoba, osoby, osoby, osoby, osoby, osoby, osoby, osoby, osoby, osoby, osoba, osoby, osobisty, osobę, osoby, osoby, osoby, osoby, osoba, osoba, osobowy, osoby, osobami, osoba, osoby, osobowym, osoby, osoby, osoby"
1096,kacz,56,"kaczyński, kaczyński, kaczyński, kaczyński, kaczyński, kaczyński, kaczyńskiego, kaczyński, kaczyński, kaczyński, kaczyński, kaczyński, kaczyński, kaczyńskim, kaczyńskiego, kaczyńskiego:, kaczyńskiego, kaczyński, kaczyńskiego, kaczyńskim, kaczyńskiemu, kaczka, kaczyński, kaczyńskiego, kaczyński, kaczyński, kaczyńskiego, kaczyńskiego, kaczyński, kaczyńskiego, kaczyńskiego, kaczyńskiej, kaczyński, kaczyński, kaczyńskiego, kaczyńskiego, kaczyńskim, kaczyński:, kaczyńskiego:, kaczyński, kaczyńskiego, kaczyński, kaczyński, kaczyńskiego, kaczmarka, kaczyńskim, kaczyński, kaczynski, kaczyński, kaczyńskiego, kaczyńskiego, kaczyński, kaczyńskiego, kaczyńskiego, kaczyński, kaczyński"
82,gran,56,"granerud, granic:, granic:, granicy, granatniku, granic, granic, granic, granic, granic, granic, granatnikiem, granic, granicę, granicę, graneruda, granicznych, granicy, granicy, granicy, granicę, granicą, graneruda, granice, grania, granicy, granicy, granicy, granic:, granerud, granice, granerud, granerud, granicę, granicę, granic, granda, graniczne, granicznej, granicach, granicznym, granic, granicy, granicę, granica, granicy, granicy, graniczny, granicę, granicach, granicy, granic, grania, graneruda, grand, granicy"
130,kobi,55,"kobiecego, kobietę, kobietę, kobietami, kobieta, kobietę, kobiety, kobieta, kobiet, kobiety, kobiety, kobieta, kobiety, kobieta, kobietą, kobiety, kobieta, kobiety, kobietę, kobiet, kobiecie, kobiety, kobieta, kobieta, kobieta, kobietę, kobiety, kobieta, kobieta, kobiecie, kobiety, kobiety, kobieta, kobieta, kobietom, kobieta, kobieta, kobiet, kobiety, kobieta, kobieta, kobietę, kobiety, kobiety, kobiety, kobietę, kobiet, kobiety, kobieta, kobiety, kobieta, kobietę, kobieta, kobiety, kobieta"
1113,bide,54,"bidena, biden, biden, biden, biden, biden, biden, biden, bidena, biden, bidena, biden, biden, biden, bidena, biden, bidena, bidena, bidena, bidena:, biden, bidena, bidena, bidena, bidena, biden, biden, bidenowi, biden, biden, bidena, bidena, biden, biden, bidena, bidena, biden, biden, bidena, bidena, bidena, biden, bidena, bidena, bidena, bidena, biden, bidena, bidena, biden, bidena, biden, bidena, biden"
832,zmar,54,"zmarła, zmarł, zmarła, zmarł, zmarła, zmarła, zmarłej, zmarł, zmarł, zmarła, zmarł, zmarły, zmarła, zmarłą, zmarła, zmarło, zmarł, zmarła, zmartwiłem, zmarłych, zmarłego, zmarł, zmarła, zmarła, zmarł, zmarły, zmarło, zmarła, zmarł, zmarnował, zmarł, zmarłego, zmarł, zmarłego, zmarłego, zmarzlik, zmarła, zmarł, zmarł, zmarzlika, zmarzlik, zmarzlika, zmarnowane, zmarł, zmarła, zmarł, zmarł, zmarła, zmarła, zmarła, zmarzlik, zmarł, zmarł, zmarła"
852,wyda,53,"wydali, wydali, wydali, wydaje, wydanie, wydanie, wydawała, wydarzyło, wydawało, wydarzyło, wydarzyło, wydał, wydaje, wydanie, wydali, wydał, wydaje, wydarzyło, wydał, wydał, wydarzenia, wydali, wydatków, wydarzyło, wydać, wydarzyć, wydaje, wydarzyć, wydarzy, wydał, wydacie, wydaje, wydał, wydarzenia, wydarzyło, wydali, wydawcą, wydatek, wydał, wydał, wydarzeń, wydaje, wydarzeń, wydają, wydał, wydaniu, wydał, wyda, wydarzyło, wydaje, wydany, wydatki, wyda"
1520,kraj,53,"kraju, kraju, kraju, kraju, kraje, kraju, krajowi, kraju, kraj, kraj, kraj, kraju, krajową, krajów, kraju, krajowa, kraje, kraj, kraj, kraj, kraju, kraj, kraje, kraju, kraju, kraju, krajem, kraju, kraju, kraje, kraju, krajów, kraju, kraju, kraju, kraju, kraju, krajów, kraju, kraju, kraju, kraj, kraju, kraj, kraju, krajem, krajem, krajem, kraju, kraju, kraj, kraj, kraju"
78,atak,53,"atakować, ataki, ataki, atak, atakują, atak, atak, atak, atak, atak, atak, atak, atak, atak, atak, atakował, ataków, atak, atak, atak, atak, atakowania, ataków, atakach:, atak, atak, atakujcie, ataków, ataku, atakuje, atak, ataku, atakach, atak, atak, atak, atak, atak, ataku, atak, atak, ataku, atak, atak, atak, atak, atak, atak, ataku, atak, ataku, atakował, atak"
479,pode,53,"podejrzewanego, podejrzanych, podejrzewali, podejrzani, podejrzani, podejrzanego, podejrzani, podejrzanego, podejrzani, podejrzanego, podejrzani, podejrzanego, podejrzani, podejrzanego, podejrzani, podejrzanego, podejmuje, podejrzewaną, podejrzany, podejrzewanego, podejrzewa, podejrzany, poderwane, podejrzewanego, poderwali, podejrzewał, podeszła, podejrzanych, podejrzanym, podejście, podejść, podejmować, podejrzany, podejrzanego, poderwane, podejrzany, podejrzany, podejrzewanego, podejmuje, podejmie, podejrzane, podejrzanego, podejrzanego, podejmuje, podejrzenia, podejrzewanego, poderwało, podeszli, podejście, podekscytowani, podejrzanego, podejrzewanego, podejrzanego"
48,zabi,53,"zabiciem, zabiciem, zabiera, zabiła, zabił, zabił, zabicie, zabitych, zabitych, zabiegu, zabić, zabici, zabici, zabitych, zabieg, zabicie, zabić, zabił, zabił, zabici, zabijali, zabici, zabici, zabił, zabici, zabici, zabić, zabici, zabici, zabici, zabił, zabił, zabił, zabicie, zabija, zabić, zabili, zabitych, zabiegu, zabić, zabili, zabijają, zabiegu, zabitych, zabitych, zabitych, zabić, zabierzcie, zabitych, zabitych, zabiegowi, zabitych, zabili"
656,życi,52,"życie, życia, życiowy, życie, życie, życiowa, życiem, życia, życia, życia, życia, życia, życie, życie, życia, życia, życia, życia, życie, życie, życia, życie, życiem, życie, życia, życie, życie, życia, życie, życie, życia, życiu, życie, życia, życia, życia, życia, życie, życia, życia, życia, życie, życia, życia, życie, życiu:, życiu:, życiu:, życiowego, życia, życia, życia"
33,mist,52,"mistrza, mistrza, mistrzostw, mistrzostwa, mistrzostwa, mistrzostwa, mistrzostwa, mistrzostwa, mistrzostwa, mistrzostwach, mistrz, mistrzowie, mistrzowi, mistrzostw, mistrza, mistrzami, mistrzostw, mistrzostw, mistrzów, mistrzów, mistrzów, mistrzostwa, mistrzów, mistrzyni, mistrzyniami, mistrzów, mistrzostw, mistrzostw, mistrzostwo, mistrzyni, mistrzem, mistrzem, mistrzów, mistrzów, mistrzynie, mistrzem, mistrz, mistrzowska, mistrzów, mistrzów, mistrzów, mistrzyni, mistrzów, mistrzostwo, mistrzów, mistrzostwie, mistrzem, mistrzyni, mistrzynię, mistrzów, mistrzynią, mistrzów"
174,bez,51,"bez, bez, bez, bez, bez, bez, bez, bez, bez, bez, bez, bez, bez, bez, bez, bez, bez, bez, bez, bez, bez, bez, bez, bez, bez, bez, bez, bez, bez, bez, bez, bez, bez, bez, bez, bez, bez, bez, bez, bez, bez, bez, bez, bez, bez, bez, bez, bez, bez, bez, bez"
225,chci,51,"chciałem, chciałem, chciał, chciał, chciwość, chciwość, chciwość, chciwość, chciwość, chciwość, chciał, chciałbym, chciałabym, chciała, chciała, chciał, chciał, chciał, chciał, chciałbym, chciałabym, chciał, chcieli, chciałby, chciał, chcieliśmy, chciał, chcieliby, chciałbym, chcieli, chciała, chciała, chciał, chciałbyś, chciał, chciał, chcieli, chcieli, chciało, chciała, chciała, chciał, chciał, chciała, chciała, chciał, chcieli, chciała, chciał, chciałem, chciała"
641,tego,50,"tego, tego, tego, tego, tego, tego, tego, tego, tego, tego, tego, tego, tego, tego, tego, tego, tego, tego, tego, tego, tego, tego, tego, tegoroczne, tego, tego, tego, tego, tego, tego, tego, tego, tego, tego, tego, tego, tego, tego, tego, tego, tego, tego, tego, tego, tego, tego, tego, tego, tego, tego"
94,pańs,50,"państw, państw, państwowej, państwo, państw, państw, państw, państw, państw, państw, państwie, państwie, państwo, państwu, państwo, państwowa, państwu, państwa, państw, państwowych, państwa, państwo, państwowych, państwie, państwo, państwa, państwa, państw, państwo, państwo, państwa, państwo, państwa, państwo, państwowej, państwo, państwem, państw, państwa, państwo, państwa, państwa, państwa, państwowe, państwie, państwo, państwa, państwie, państwie, państwa"
52,post,50,"postawa, postępowanie, postawa, postępowanie, postrzelił, postępowania, postępowanie, postanowił, postkomunistyczny, postkomunistyczny, postawił, postanowił, postawiono, postępowanie, postanowiłam, postępów, postawił, postanowienie, postawieniu, postanowiłam, postanowiła, postanowił, postawiliśmy, postanowił, postawił, post, post, postawieniu, postawienie, postępy, postanowili, postanowili, postanowiła, postrzelona, postępowanie, postępowanie, postrzelił, postać, postępach, post, postrzegać, postępowanie, postać, postępowanie, postrzale, posterunek, postawi, postępowania, postępowań, postrzeganie"
235,nieb,49,"niebezpieczna, niebezpieczna, niebezpieczeństwie, niebie, niebezpieczną, nieba, niebezpieczni, niebezpieczny, niebezpieczną, niebezpieczne, niebezpiecznych, niebezpiecznie, niebie, niebie, niebo, niebezpieczny, niebezpieczne, niebezpieczne, niebie, niebezpiecznie, niebo, niebezpiecznym, niebezpieczna, niebieskie, niebywały, niebezpieczne, niebezpieczny, niebezpieczne, niebezpieczny, niebezpieczną, niebezpieczną, niebo, niebie, niebawem, niebezpiecznej, niebezpieczny, niebywały, niebezpieczne, niebezpieczny, niebezpieczną, niebezpieczeństwie, niebawem, nieba, niebezpieczna, niebezpieczeństwie, nieba, niebo, niebezpieczną, niebezpieczne"
708,taki,49,"takich, takim, takie, takie, taki, takich, takie, takim, taki, takiego, takich, taki, takie, takich, takie, takie, takiej, takim, taki, takiej, taki, taki, takiego, taki, takich, takiej, takiej, takiego, takie, takiego, takich, taki, takich, takie, takich, takiej, takich, taki, takiej, takich, takiej, taki, takie, taki, takiego, takim, taki, taki, takie"
707,roku,49,"roku, roku, roku, roku, roku, roku, roku, roku, roku, roku, roku, roku, roku, roku, roku, roku, roku, roku, roku, roku, roku, roku, roku, roku, roku, roku, roku, roku, roku, roku, roku, roku, roku, roku, roku, roku, roku, roku, roku, roku, roku, roku, roku, roku, roku, roku, roku, roku, roku"
120,czte,49,"czterolatek, cztery, cztery, cztery, cztery, cztery, cztery, cztery, czterech, cztery, cztery, cztery, czterech, cztery, cztery, czterolatka, cztery, cztery, czterech, czterech, cztery, czterech, czterech, czterech, cztery, czteroosobową, cztery, cztery, czterolatka, cztery, cztery, czterech, czteromiesięczne, cztery, cztery, czterodniowy, cztery, czterech, cztery, cztery, cztery, czterech, cztery, cztery, czterech, czterech, czterech, cztery, czteroosobowej"
